id,first_name,last_name,email,gender,city,color,languaje,favorite_food
1,Shem,Cutten,scutten0@freewebs.com,Male,Canada,Goldenrod,Assamese,Bread - White Epi Baguette
2,Lanie,Smalles,lsmalles1@upenn.edu,Female,Guinea-Bissau,Turquoise,Haitian Creole,Table Cloth 90x90 Colour
3,Marice,Dundon,mdundon2@constantcontact.com,Female,China,Maroon,Tetum,"Bread - Roll, Italian"
4,Elke,Ewers,eewers3@vimeo.com,Female,Brazil,Blue,Portuguese,Chocolate - Dark Callets
5,Shamus,Coon,scoon4@ifeng.com,Male,Philippines,Crimson,Kazakh,Crackers Cheez It
6,Abraham,Duggen,aduggen5@twitpic.com,Male,Indonesia,Aquamarine,Latvian,Kaffir Lime Leaves
7,Lorenza,Price,lprice6@thetimes.co.uk,Female,Poland,Khaki,Mongolian,Ice Cream - Super Sandwich
8,Xerxes,Shark,xshark7@yellowbook.com,Male,Indonesia,Indigo,Bislama,"Oil - Food, Lacquer Spray"
9,Orelie,De Vere,odevere8@skyrock.com,Female,Thailand,Violet,Bislama,Grapes - Red
10,Raina,Giannassi,rgiannassi9@arstechnica.com,Female,Vanuatu,Blue,Quechua,Spinach - Spinach Leaf
11,Stillmann,Durrett,sdurretta@china.com.cn,Male,Thailand,Orange,Estonian,Carbonated Water - White Grape
12,Thaddus,Applebee,tapplebeeb@google.com.hk,Male,United States,Blue,Quechua,Cauliflower
13,Claybourne,Panswick,cpanswickc@globo.com,Male,China,Khaki,Dari,Lady Fingers
14,Curtice,Allner,callnerd@wiley.com,Male,China,Fuscia,Swedish,Appetizer - Asian Shrimp Roll
15,Esme,Burdoun,eburdoune@xinhuanet.com,Female,Philippines,Indigo,Thai,"Water - Mineral, Carbonated"
16,Carlina,Counsell,ccounsellf@wunderground.com,Female,Peru,Maroon,Gagauz,Spice - Pepper Portions
17,Rosaline,Duny,rdunyg@google.com.br,Female,Brazil,Khaki,French,Sesame Seed Black
18,Grethel,Cristoferi,gcristoferih@biblegateway.com,Female,China,Indigo,Japanese,Bar Mix - Lime
19,Martie,Kulic,mkulici@usatoday.com,Female,China,Green,Georgian,Fruit Salad Deluxe
20,Micaela,Costellow,mcostellowj@tinypic.com,Female,Japan,Maroon,Northern Sotho,Beef - Top Butt Aaa
21,Zola,Gonin,zgonink@cpanel.net,Female,Philippines,Puce,Dhivehi,Oyster - In Shell
22,Rochester,Munro,rmunrol@about.me,Male,Venezuela,Pink,Chinese,Chinese Lemon Pork
23,Tybie,Gouldthorpe,tgouldthorpem@vistaprint.com,Female,China,Pink,Somali,Shrimp - Prawn
24,Simeon,Davey,sdaveyn@about.com,Male,Poland,Khaki,Malagasy,Cheese - St. Andre
25,Leah,Brisbane,lbrisbaneo@google.com,Female,Japan,Aquamarine,Bengali,Beer - Corona
26,Allene,Hedney,ahedneyp@paypal.com,Female,Albania,Turquoise,Hebrew,Rabbit - Frozen
27,Carin,Blewett,cblewettq@yahoo.com,Female,Philippines,Crimson,Italian,Wine - Ej Gallo Sierra Valley
28,Ray,Alwood,ralwoodr@sphinn.com,Male,Portugal,Crimson,Kannada,Wine - Baron De Rothschild
29,Bent,Julian,bjulians@usatoday.com,Male,Philippines,Turquoise,Swedish,Lid - 0090 Clear
30,Gail,Kilbee,gkilbeet@naver.com,Female,Indonesia,Fuscia,Swati,V8 - Tropical Blend
31,Maurise,Fussey,mfusseyu@wikipedia.org,Male,Czech Republic,Crimson,English,Oil - Peanut
32,Pandora,Ebsworth,pebsworthv@bing.com,Female,Denmark,Red,Zulu,Rum - Mount Gay Eclipes
33,Jana,Sam,jsamw@vistaprint.com,Female,Indonesia,Indigo,Tswana,Salt - Seasoned
34,Kerry,Brandli,kbrandlix@mlb.com,Male,Ghana,Indigo,Somali,Cheese - Bocconcini
35,Durward,Reneke,drenekey@bigcartel.com,Male,Latvia,Fuscia,Bislama,Ecolab - Hobart Washarm End Cap
36,Ase,Melesk,ameleskz@wikipedia.org,Male,Indonesia,Orange,West Frisian,Wine - Zinfandel Rosenblum
37,Debby,Antoniewicz,dantoniewicz10@newyorker.com,Female,Indonesia,Indigo,Maltese,Chocolate - Dark Callets
38,Faustina,Tolchard,ftolchard11@accuweather.com,Female,Russia,Maroon,Ndebele,"Squash - Pattypan, Yellow"
39,Teodoor,Penhalurick,tpenhalurick12@google.de,Male,Latvia,Goldenrod,Chinese,Veal - Provimi Inside
40,Ade,Starling,astarling13@jimdo.com,Male,Russia,Crimson,Italian,Figs
41,Tessy,Brekonridge,tbrekonridge14@dailymail.co.uk,Female,Brazil,Orange,Hindi,"Corn - Cream, Canned"
42,Konstanze,Brokenbrow,kbrokenbrow15@washington.edu,Female,Russia,Blue,Northern Sotho,Plums - Red
43,Lani,McCool,lmccool16@over-blog.com,Female,France,Puce,Belarusian,Lettuce - Radicchio
44,Sharlene,Skene,sskene17@ask.com,Female,China,Teal,Sotho,Scallops - Live In Shell
45,Leta,De Launde,ldelaunde18@people.com.cn,Female,Argentina,Red,Yiddish,Clementine
46,Pernell,Greenhough,pgreenhough19@bbb.org,Male,Brazil,Fuscia,Luxembourgish,Ginger - Ground
47,Andreas,Bassilashvili,abassilashvili1a@webeden.co.uk,Male,Russia,Fuscia,Khmer,Salmon Atl.whole 8 - 10 Lb
48,Raphaela,Goby,rgoby1b@washingtonpost.com,Female,South Korea,Orange,Nepali,Spice - Pepper Portions
49,Tressa,Vain,tvain1c@weibo.com,Female,China,Puce,Amharic,Bread Foccacia Whole
50,Anthia,Stockdale,astockdale1d@cbsnews.com,Female,France,Purple,Kurdish,"Cheese - Havarti, Roasted Garlic"
51,Allene,Ellingford,aellingford1e@phoca.cz,Female,Brazil,Blue,Azeri,Ham - Cooked Italian
52,Saxe,McNellis,smcnellis1f@tripadvisor.com,Male,China,Crimson,Greek,Sprouts - Pea
53,Darbee,Houlworth,dhoulworth1g@patch.com,Male,Philippines,Turquoise,German,Cheese - Bakers Cream Cheese
54,Wallas,Eick,weick1h@reference.com,Male,Brazil,Indigo,Georgian,Bread - Corn Muffaletta
55,Mike,Wyd,mwyd1i@printfriendly.com,Male,Sweden,Green,Bengali,Sambuca - Ramazzotti
56,Nefen,Devine,ndevine1j@chronoengine.com,Male,China,Teal,Swedish,Veal - Insides Provini
57,Elysee,Toleman,etoleman1k@free.fr,Female,China,Khaki,Bosnian,"Veal - Inside, Choice"
58,Holly,Eskrick,heskrick1l@devhub.com,Male,Philippines,Crimson,Kashmiri,"Asparagus - White, Canned"
59,Moises,Presho,mpresho1m@webeden.co.uk,Male,China,Goldenrod,Norwegian,Ham - Cooked Italian
60,Drusy,Le Friec,dlefriec1n@google.com.br,Female,Indonesia,Green,Czech,Fork - Plastic
61,Howard,Roffey,hroffey1o@craigslist.org,Male,Armenia,Puce,Nepali,Veal - Striploin
62,Giovanna,Castellino,gcastellino1p@thetimes.co.uk,Female,Nigeria,Purple,Māori,"Beef - Baby, Liver"
63,Red,Wynter,rwynter1q@about.me,Male,China,Indigo,Danish,Rabbit - Saddles
64,Nyssa,Dransfield,ndransfield1r@vimeo.com,Female,Canada,Teal,French,Sprouts - Onion
65,Danila,Hymans,dhymans1s@epa.gov,Female,China,Khaki,Finnish,"Garlic - Primerba, Paste"
66,Brooks,Inkster,binkster1t@meetup.com,Male,Poland,Aquamarine,Dhivehi,Apricots - Halves
67,Tana,Vispo,tvispo1u@cbc.ca,Female,Czech Republic,Fuscia,Oriya,"Pasta - Penne, Lisce, Dry"
68,Michele,Withinshaw,mwithinshaw1v@over-blog.com,Female,Brazil,Purple,Romanian,Beef - Short Loin
69,Ally,Bernadon,abernadon1w@artisteer.com,Female,Philippines,Indigo,Malayalam,Cocoa Feuilletine
70,Marci,MacCracken,mmaccracken1x@digg.com,Female,Brazil,Crimson,Korean,Bread - French Baquette
71,Kirbie,Tocque,ktocque1y@hibu.com,Female,China,Red,Dutch,Appetizer - Southwestern
72,Merrielle,Staniforth,mstaniforth1z@ustream.tv,Female,China,Yellow,Japanese,Beans - French
73,Dwain,Kibbee,dkibbee20@biglobe.ne.jp,Male,United Kingdom,Khaki,Somali,Wine - Charddonnay Errazuriz
74,Leona,Vaudrey,lvaudrey21@t-online.de,Female,Denmark,Aquamarine,Luxembourgish,"Appetizer - Mini Egg Roll, Shrimp"
75,Marigold,Fabler,mfabler22@state.tx.us,Female,South Africa,Red,Swedish,"Capon - Breast, Double, Wing On"
76,Isis,Cotter,icotter23@newsvine.com,Female,Qatar,Crimson,Filipino,Jolt Cola
77,Valerie,Hellyer,vhellyer24@twitpic.com,Female,Colombia,Indigo,Kazakh,Rolled Oats
78,Elicia,Davsley,edavsley25@howstuffworks.com,Female,Poland,Mauv,Nepali,Trout Rainbow Whole
79,Hasty,Grinley,hgrinley26@hc360.com,Male,Portugal,Fuscia,West Frisian,Tamarind Paste
80,Jolie,Rubie,jrubie27@dailymotion.com,Female,China,Green,Hungarian,"Beef - Bones, Cut - Up"
81,Natale,Nanelli,nnanelli28@opensource.org,Male,Indonesia,Crimson,Lao,Oil - Cooking Spray
82,Marta,Lebell,mlebell29@disqus.com,Female,China,Yellow,Danish,Absolut Citron
83,Jacenta,Giannazzi,jgiannazzi2a@zimbio.com,Female,Russia,Mauv,Tswana,Veal - Nuckle
84,Margaret,McTrustie,mmctrustie2b@wordpress.org,Female,Indonesia,Maroon,Quechua,Shrimp - 31/40
85,Levon,Aveline,laveline2c@flavors.me,Male,Argentina,Orange,Ndebele,Milk - 2%
86,Any,McComas,amccomas2d@google.ru,Male,Indonesia,Green,Armenian,Peppercorns - Pink
87,Benjy,Yuryaev,byuryaev2e@tuttocitta.it,Male,Australia,Teal,Tajik,Eggplant - Asian
88,Torrey,McNeil,tmcneil2f@mac.com,Male,Yemen,Khaki,Nepali,Peach - Fresh
89,Seamus,Saterthwait,ssaterthwait2g@taobao.com,Male,China,Maroon,Czech,Calvados - Boulard
90,Zonda,Childe,zchilde2h@elpais.com,Female,Indonesia,Crimson,Pashto,Lamb - Ground
91,Garek,O'Hannen,gohannen2i@hugedomains.com,Male,Greece,Pink,West Frisian,Peppercorns - Green
92,Westbrooke,Fairney,wfairney2j@google.co.uk,Male,Brazil,Aquamarine,Bengali,"Beans - Fava, Canned"
93,Judi,Bellee,jbellee2k@github.com,Female,Sweden,Puce,Icelandic,Bacardi Mojito
94,Katuscha,Romans,kromans2l@cdc.gov,Female,United States,Teal,Bulgarian,Saskatoon Berries - Frozen
95,Terry,Brangan,tbrangan2m@vkontakte.ru,Male,Russia,Purple,Maltese,Canada Dry
96,Lorenza,Tumayan,ltumayan2n@bizjournals.com,Female,Indonesia,Red,Kazakh,"Red Snapper - Fillet, Skin On"
97,Auroora,Greenleaf,agreenleaf2o@hc360.com,Female,Indonesia,Purple,Thai,Appetizer - Crab And Brie
98,Mallorie,Scammonden,mscammonden2p@1688.com,Female,Japan,Violet,Hebrew,Muffin Batt - Choc Chk
99,Eduardo,Ware,eware2q@delicious.com,Male,Cyprus,Indigo,Zulu,"Pork - Sausage, Medium"
100,Tandy,Giovanardi,tgiovanardi2r@blogs.com,Female,China,Maroon,Italian,Cranberry Foccacia
101,Rolando,Honniebal,rhonniebal2s@usa.gov,Male,Ukraine,Green,Azeri,Soap - Mr.clean Floor Soap
102,Lizabeth,Pie,lpie2t@blogspot.com,Female,Poland,Fuscia,Latvian,"Pork - Tenderloin, Fresh"
103,Stern,Dorling,sdorling2u@e-recht24.de,Male,Philippines,Mauv,Dari,Nestea - Iced Tea
104,Augusto,Tuffley,atuffley2v@businessinsider.com,Male,Brazil,Turquoise,Kyrgyz,"Juice - Apple, 500 Ml"
105,Carola,Daily,cdaily2w@huffingtonpost.com,Female,Czech Republic,Crimson,Latvian,"Turkey - Whole, Fresh"
106,Cathlene,McPhate,cmcphate2x@gov.uk,Female,Brazil,Puce,Gagauz,Nantucket - Pomegranate Pear
107,Matelda,Downer,mdowner2y@va.gov,Female,Indonesia,Turquoise,Thai,Carbonated Water - Wildberry
108,Mab,Danzelman,mdanzelman2z@wisc.edu,Female,Indonesia,Goldenrod,Polish,Numi - Assorted Teas
109,Dougy,Longstaff,dlongstaff30@dion.ne.jp,Male,China,Purple,Italian,Beef - Inside Round
110,Katharine,Ellicott,kellicott31@nasa.gov,Female,China,Green,Haitian Creole,"Wine - White, Concha Y Toro"
111,Vivyan,Truce,vtruce32@youtu.be,Female,Philippines,Green,Gagauz,Bread Sour Rolls
112,Teriann,Anthon,tanthon33@meetup.com,Female,Poland,Puce,Afrikaans,Bagels Poppyseed
113,Cathi,Gobbet,cgobbet34@comcast.net,Female,China,Blue,Kyrgyz,"Cod - Salted, Boneless"
114,Mahala,McGougan,mmcgougan35@studiopress.com,Female,Indonesia,Turquoise,Moldovan,"Syrup - Golden, Lyles"
115,Grannie,Vannuccinii,gvannuccinii36@shop-pro.jp,Male,Armenia,Puce,Afrikaans,Initation Crab Meat
116,Delcina,Gamlyn,dgamlyn37@slashdot.org,Female,Papua New Guinea,Red,Malay,Ostrich - Fan Fillet
117,Cecily,Jossel,cjossel38@elpais.com,Female,China,Green,Gujarati,Bread - Olive Dinner Roll
118,Estella,Hovell,ehovell39@noaa.gov,Female,France,Mauv,Hiri Motu,White Baguette
119,Kailey,Sandeford,ksandeford3a@phoca.cz,Female,Philippines,Yellow,Hiri Motu,Ice Cream - Vanilla
120,Corby,Guillart,cguillart3b@businessinsider.com,Male,Ukraine,Mauv,Ndebele,Tamarillo
121,Karry,Carmichael,kcarmichael3c@cdbaby.com,Female,China,Green,Bosnian,"Cheese - Havarti, Salsa"
122,Hilda,Shrubshall,hshrubshall3d@nytimes.com,Female,Philippines,Fuscia,Persian,"Oil - Olive, Extra Virgin"
123,Meridel,Kofax,mkofax3e@g.co,Female,Iran,Green,Tswana,Cornish Hen
124,Farly,Galfour,fgalfour3f@aboutads.info,Male,Ireland,Red,Dutch,Rice - Wild
125,Cynthea,Tessyman,ctessyman3g@themeforest.net,Female,China,Maroon,Khmer,Ice Cream - Life Savers
126,Harlan,Gier,hgier3h@slideshare.net,Male,Brazil,Blue,Albanian,Cookie - Dough Variety
127,Shell,Awton,sawton3i@about.me,Female,Philippines,Aquamarine,Malayalam,Muffin Mix - Blueberry
128,Gladi,Garbutt,ggarbutt3j@smugmug.com,Female,Brazil,Maroon,New Zealand Sign Language,Vinegar - Champagne
129,Merrie,Dressel,mdressel3k@squarespace.com,Female,Indonesia,Indigo,Hungarian,Chinese Foods - Plain Fried Rice
130,Rosamund,Turbat,rturbat3l@twitter.com,Female,Nigeria,Red,Fijian,Coffee - Hazelnut Cream
131,Zachariah,Limpenny,zlimpenny3m@statcounter.com,Male,Thailand,Violet,Tsonga,Cheese - Augre Des Champs
132,Harlen,Trowsdale,htrowsdale3n@tuttocitta.it,Male,Indonesia,Mauv,Papiamento,"Tomatoes - Plum, Canned"
133,Zelma,Ridgley,zridgley3o@indiatimes.com,Female,Colombia,Violet,Bislama,General Purpose Trigger
134,Ursola,Lockery,ulockery3p@foxnews.com,Female,Indonesia,Puce,Dutch,Garbag Bags - Black
135,Zaccaria,Breakey,zbreakey3q@columbia.edu,Male,China,Green,Kazakh,Potatoes - Peeled
136,Hannie,Abelson,habelson3r@bizjournals.com,Female,Benin,Red,Quechua,Devonshire Cream
137,Clayborn,Wyleman,cwyleman3s@state.tx.us,Male,Russia,Goldenrod,Tetum,Rosemary - Dry
138,Calley,Bernardotte,cbernardotte3t@sitemeter.com,Female,China,Aquamarine,Croatian,Container Clear 8 Oz
139,Percival,Broyd,pbroyd3u@wikispaces.com,Male,Ukraine,Yellow,Korean,Savory
140,Karyn,Lage,klage3v@wikipedia.org,Female,China,Fuscia,Kurdish,"Chicken - Base, Ultimate"
141,Sholom,Gallico,sgallico3w@tmall.com,Male,Sweden,Crimson,Khmer,Squash - Sunburst
142,Chadd,Michelin,cmichelin3x@wordpress.org,Male,China,Khaki,Romanian,Pepper - Chilli Seeds Mild
143,Shela,Menloe,smenloe3y@google.ru,Female,Brazil,Goldenrod,Hungarian,"Pepper - Chillies, Crushed"
144,Dick,Highwood,dhighwood3z@google.com,Male,China,Orange,Lithuanian,Beef - Rib Eye Aaa
145,Velma,Crinage,vcrinage40@hud.gov,Female,Philippines,Fuscia,Spanish,Filling - Mince Meat
146,Kerwin,Vick,kvick41@sun.com,Male,Haiti,Aquamarine,Tswana,Grenadine
147,Karlan,Gabitis,kgabitis42@uiuc.edu,Male,Indonesia,Puce,Georgian,"Water - Spring Water, 355 Ml"
148,Nevil,Shippam,nshippam43@purevolume.com,Male,Sweden,Yellow,German,Wine - Black Tower Qr
149,Wynne,Hamill,whamill44@github.io,Female,Brazil,Red,Tajik,Bread - Petit Baguette
150,Shawn,Yanshinov,syanshinov45@deviantart.com,Male,Canada,Blue,Korean,Bread - Pita
151,Glad,Polley,gpolley46@ehow.com,Female,Switzerland,Puce,Telugu,Beer - Heinekin
152,Bethina,Popham,bpopham47@phpbb.com,Female,Croatia,Orange,Luxembourgish,Wiberg Super Cure
153,Laurens,Merrick,lmerrick48@dailymotion.com,Male,China,Turquoise,Estonian,Soup - Cream Of Broccoli
154,Gretta,McElvine,gmcelvine49@google.pl,Female,Nigeria,Crimson,Czech,"Basil - Dry, Rubbed"
155,Rolfe,Hanratty,rhanratty4a@timesonline.co.uk,Male,China,Fuscia,Polish,Cake - Sheet Strawberry
156,Meg,Hodgen,mhodgen4b@odnoklassniki.ru,Female,Indonesia,Teal,Montenegrin,Pur Source
157,Currie,Flescher,cflescher4c@de.vu,Male,Russia,Blue,Polish,Scallops - 10/20
158,Jabez,Hinkins,jhinkins4d@mysql.com,Male,United Kingdom,Teal,Somali,Nantucket - Kiwi Berry Cktl.
159,Rosamund,Chaffen,rchaffen4e@delicious.com,Female,China,Green,Irish Gaelic,Bread - Raisin Walnut Pull
160,Hazel,Haynes,hhaynes4f@dropbox.com,Male,Chile,Blue,French,Veal - Slab Bacon
161,Lainey,Pruckner,lpruckner4g@bigcartel.com,Female,Ukraine,Indigo,Portuguese,Peppercorns - Green
162,Ammamaria,Spraggs,aspraggs4h@mac.com,Female,Poland,Pink,Swahili,Cucumber - Pickling Ontario
163,Marya,Penvarne,mpenvarne4i@imageshack.us,Female,Indonesia,Khaki,Dzongkha,Bread - Corn Muffaleta Onion
164,Barrett,Davidai,bdavidai4j@cdbaby.com,Male,Malaysia,Yellow,Azeri,"Asparagus - White, Canned"
165,Otto,Chisholme,ochisholme4k@nasa.gov,Male,France,Green,Gagauz,Carbonated Water - Wildberry
166,Kalle,Vedyasov,kvedyasov4l@bandcamp.com,Male,Indonesia,Green,Guaraní,Wine - Dubouef Macon - Villages
167,Saree,Saill,ssaill4m@theglobeandmail.com,Female,Greece,Indigo,Tetum,Pepper - Cayenne
168,Drew,Fetherston,dfetherston4n@desdev.cn,Male,Thailand,Puce,Bislama,Dried Figs
169,Patsy,Barense,pbarense4o@liveinternet.ru,Female,Papua New Guinea,Green,Greek,Bacardi Limon
170,Siana,Huchot,shuchot4p@sfgate.com,Female,China,Green,Dari,Pepperoni Slices
171,Bing,Pooley,bpooley4q@toplist.cz,Male,Indonesia,Goldenrod,Macedonian,Longos - Lasagna Veg
172,Fabio,Pounder,fpounder4r@dropbox.com,Male,Philippines,Indigo,Danish,"Pork - Back, Long Cut, Boneless"
173,Iorgos,Bolte,ibolte4s@answers.com,Male,France,Maroon,Kurdish,Chocolate - Semi Sweet
174,Chane,Clubley,cclubley4t@psu.edu,Male,Indonesia,Mauv,Lithuanian,Bamboo Shoots - Sliced
175,Etta,Standidge,estandidge4u@netscape.com,Female,Indonesia,Indigo,Assamese,Sauce - Soy Low Sodium - 3.87l
176,Hester,Toft,htoft4v@washingtonpost.com,Female,Indonesia,Goldenrod,Filipino,Sponge Cake Mix - Chocolate
177,Broddy,Lawn,blawn4w@dropbox.com,Male,United States,Purple,Croatian,Raisin - Dark
178,Vaughan,Ledson,vledson4x@ftc.gov,Male,Peru,Yellow,Bulgarian,"Cheese - Mozzarella, Buffalo"
179,Wilfred,Polhill,wpolhill4y@phoca.cz,Male,China,Violet,Gagauz,Napkin Colour
180,Harald,cornhill,hcornhill4z@nymag.com,Male,Uzbekistan,Khaki,Georgian,Duck - Whole
181,Karleen,Geeson,kgeeson50@bbc.co.uk,Female,China,Blue,Oriya,Appetizer - Lobster Phyllo Roll
182,Tish,McCanny,tmccanny51@trellian.com,Female,Greece,Mauv,Swati,Ocean Spray - Ruby Red
183,Petronia,Skellington,pskellington52@fastcompany.com,Female,Georgia,Violet,Somali,Sauce Tomato Pouch
184,Derby,Chimenti,dchimenti53@telegraph.co.uk,Male,Netherlands,Teal,Papiamento,Cheese - Gouda
185,Andros,Hulland,ahulland54@jiathis.com,Male,China,Pink,Portuguese,Sproutsmustard Cress
186,Carmon,Sabatini,csabatini55@creativecommons.org,Female,Portugal,Red,Gagauz,"Bread - Roll, Canadian Dinner"
187,Ed,Terbeck,eterbeck56@biglobe.ne.jp,Male,China,Orange,Kurdish,External Supplier
188,Shina,Neggrini,sneggrini57@sitemeter.com,Female,Cuba,Blue,New Zealand Sign Language,Wine - Beringer Founders Estate
189,Gregorio,Edy,gedy58@dagondesign.com,Male,China,Puce,Azeri,Anchovy In Oil
190,Regina,Shayes,rshayes59@alexa.com,Female,Poland,Khaki,Persian,Onions - Vidalia
191,Tamma,Smethurst,tsmethurst5a@meetup.com,Female,Burkina Faso,Turquoise,Bengali,Beef - Tender Tips
192,Elmo,Rappaport,erappaport5b@ed.gov,Male,Philippines,Pink,Assamese,Steampan - Half Size Shallow
193,Loydie,Wheowall,lwheowall5c@digg.com,Male,Japan,Blue,Catalan,Fenngreek Seed
194,Roxana,McGowran,rmcgowran5d@who.int,Female,Vietnam,Crimson,Dzongkha,"Fish - Artic Char, Cold Smoked"
195,Janina,Wishkar,jwishkar5e@illinois.edu,Female,Thailand,Fuscia,Swahili,"Nut - Hazelnut, Whole"
196,Emmit,Loach,eloach5f@google.fr,Male,Philippines,Blue,Afrikaans,Squid - Breaded
197,Cedric,Djurkovic,cdjurkovic5g@bloglines.com,Male,Thailand,Green,Bislama,"Tart Shells - Savory, 2"
198,Patricia,Jorger,pjorger5h@liveinternet.ru,Female,Indonesia,Violet,Dutch,Soup - Campbells Beef Stew
199,Crawford,Shearme,cshearme5i@themeforest.net,Male,China,Mauv,Persian,"Chocolate - Pistoles, White"
200,Daisi,Linnell,dlinnell5j@bbb.org,Female,Czech Republic,Indigo,Yiddish,Beans - French
201,Earl,Shier,eshier5k@nbcnews.com,Male,Thailand,Khaki,Azeri,Cleaner - Bleach
202,Denice,Search,dsearch5l@blogtalkradio.com,Female,France,Aquamarine,Armenian,Puree - Mango
203,Odo,Habershon,ohabershon5m@hibu.com,Male,Czech Republic,Yellow,Bengali,"Crab - Claws, Snow 16 - 24"
204,Lucita,Faircley,lfaircley5n@pagesperso-orange.fr,Female,Indonesia,Green,New Zealand Sign Language,Wine - Peller Estates Late
205,Sandie,Matveiko,smatveiko5o@blogs.com,Female,Ecuador,Puce,French,Aspic - Clear
206,Foss,Trusler,ftrusler5p@unc.edu,Male,Peru,Teal,Korean,Tea - Lemon Scented
207,Celinda,Deeny,cdeeny5q@etsy.com,Female,China,Red,Croatian,Smoked Paprika
208,Yorke,Downton,ydownton5r@surveymonkey.com,Male,Ecuador,Aquamarine,Kurdish,Chips - Miss Vickies
209,Filberto,Velten,fvelten5s@opensource.org,Male,China,Crimson,Zulu,Lettuce - Sea / Sea Asparagus
210,Shawna,Rydings,srydings5t@wired.com,Female,Madagascar,Mauv,Tamil,Scallops - Live In Shell
211,Theobald,Elliff,telliff5u@networksolutions.com,Male,Colombia,Indigo,Swahili,Lid - 3oz Med Rec
212,Nari,Ingman,ningman5v@domainmarket.com,Female,Indonesia,Khaki,Catalan,"Wine - Red, Mosaic Zweigelt"
213,Jania,Gaspard,jgaspard5w@acquirethisname.com,Female,Russia,Khaki,Irish Gaelic,Tart - Pecan Butter Squares
214,Corby,Priest,cpriest5x@google.com.au,Male,Iraq,Fuscia,Luxembourgish,Juice - Happy Planet
215,Jaquenetta,Beggin,jbeggin5y@prlog.org,Female,Philippines,Puce,Lithuanian,Salt - Celery
216,Farah,Hakewell,fhakewell5z@indiegogo.com,Female,Netherlands,Goldenrod,Kyrgyz,Radish - Pickled
217,Caria,McSporon,cmcsporon60@reverbnation.com,Female,China,Maroon,Guaraní,Snapple Lemon Tea
218,Charmain,Chiechio,cchiechio61@free.fr,Female,France,Blue,Swahili,"Wine - White, Cooking"
219,Timmie,Fridaye,tfridaye62@go.com,Male,Japan,Puce,Punjabi,Turkey - Ground. Lean
220,Giles,Scrine,gscrine63@ft.com,Male,Czech Republic,Teal,Danish,Carrots - Jumbo
221,Hi,Balam,hbalam64@scientificamerican.com,Male,Russia,Maroon,Azeri,Mudslide
222,Honor,Scay,hscay65@who.int,Female,Philippines,Maroon,Tetum,Wine - Prosecco Valdobienne
223,Jordana,Leaning,jleaning66@cdbaby.com,Female,China,Indigo,Gagauz,Oil - Peanut
224,Velma,Cattemull,vcattemull67@twitpic.com,Female,Egypt,Aquamarine,Italian,Plaintain
225,Rene,Bezant,rbezant68@sina.com.cn,Female,Ukraine,Khaki,Amharic,Cheese Cloth No 60
226,Zack,Baress,zbaress69@buzzfeed.com,Male,Sweden,Goldenrod,Lithuanian,Longos - Chicken Caeser Salad
227,Charline,Izod,cizod6a@oaic.gov.au,Female,Colombia,Red,Sotho,Glass Clear 7 Oz Xl
228,Juieta,Trobey,jtrobey6b@sakura.ne.jp,Female,Mexico,Indigo,Indonesian,Salt - Seasoned
229,Bliss,Claw,bclaw6c@oaic.gov.au,Female,China,Teal,Bislama,"Doilies - 10, Paper"
230,Max,Heynen,mheynen6d@1und1.de,Male,China,Turquoise,Zulu,Cheese - Cheddarsliced
231,Morgana,Jobin,mjobin6e@tuttocitta.it,Female,Albania,Khaki,Assamese,Kolrabi
232,Wain,Wetton,wwetton6f@smh.com.au,Male,Poland,Violet,Quechua,Yoplait - Strawbrasp Peac
233,Emmalynne,Terren,eterren6g@sakura.ne.jp,Female,Russia,Puce,Indonesian,Sugar - Crumb
234,Lucius,Yakunin,lyakunin6h@engadget.com,Male,Russia,Pink,Swahili,"Olives - Green, Pitted"
235,Montgomery,Hammill,mhammill6i@skyrock.com,Male,Poland,Orange,Northern Sotho,Appetizer - Tarragon Chicken
236,Dorian,Scothorn,dscothorn6j@google.es,Male,Colombia,Violet,Bosnian,Flower - Leather Leaf Fern
237,Lilllie,Trinder,ltrinder6k@free.fr,Female,Portugal,Blue,Burmese,Tomatoes - Hot House
238,Sissy,Durbyn,sdurbyn6l@craigslist.org,Female,Mongolia,Blue,Khmer,Spice - Paprika
239,Basilius,Mountjoy,bmountjoy6m@nationalgeographic.com,Male,Ireland,Crimson,Azeri,Wine - Prosecco Valdobiaddene
240,Frans,Letch,fletch6n@fema.gov,Male,Indonesia,Puce,Afrikaans,Chocolate - Semi Sweet
241,Raimundo,Hefferon,rhefferon6o@yellowpages.com,Male,China,Puce,Macedonian,"Stock - Chicken, White"
242,Martino,Capaldi,mcapaldi6p@psu.edu,Male,Indonesia,Aquamarine,Somali,Flour - Bread
243,Chanda,Magauran,cmagauran6q@house.gov,Female,Indonesia,Green,Bislama,Broom - Angled
244,Tymothy,Geoghegan,tgeoghegan6r@studiopress.com,Male,Jersey,Purple,Greek,"Stock - Beef, Brown"
245,Tore,Filipov,tfilipov6s@mayoclinic.com,Male,Sweden,Turquoise,Amharic,"Nut - Pecan, Halves"
246,Lezley,Robison,lrobison6t@theatlantic.com,Male,United States,Red,Assamese,Broom And Broom Rack White
247,Sloane,Bazek,sbazek6u@naver.com,Male,Greece,Teal,Swedish,Puree - Mocha
248,Urbanus,Bartolozzi,ubartolozzi6v@loc.gov,Male,Albania,Indigo,Bosnian,Tomatoes - Cherry
249,Jsandye,Shemilt,jshemilt6w@netvibes.com,Female,Pakistan,Fuscia,Dzongkha,Cheese - Gorgonzola
250,Napoleon,Rathe,nrathe6x@addthis.com,Male,China,Puce,Kashmiri,Tomato - Green
251,Keane,Pottery,kpottery6y@feedburner.com,Male,Costa Rica,Fuscia,Pashto,Foil - 4oz Custard Cup
252,Preston,Di Francesco,pdifrancesco6z@spotify.com,Male,Indonesia,Orange,Polish,Fudge - Cream Fudge
253,Elnore,Kacheller,ekacheller70@ifeng.com,Female,Sweden,Blue,Haitian Creole,Appetizer - Veg Assortment
254,Amelie,Dermott,adermott71@last.fm,Female,Greece,Orange,Tetum,Icecream Bar - Del Monte
255,Kristoforo,Scopes,kscopes72@jimdo.com,Male,Iran,Orange,Kannada,Puree - Strawberry
256,Jorey,Shubotham,jshubotham73@jiathis.com,Female,Sweden,Orange,Spanish,Croissants Thaw And Serve
257,Padriac,Timlett,ptimlett74@blinklist.com,Male,Indonesia,Khaki,Hebrew,"Pepper - Black, Ground"
258,Dominic,O'Hear,dohear75@vistaprint.com,Male,Russia,Blue,Kurdish,Spaghetti Squash
259,Elana,Warricker,ewarricker76@odnoklassniki.ru,Female,Venezuela,Crimson,Telugu,Milk - Chocolate 250 Ml
260,Elisabet,Vial,evial77@blog.com,Female,United States,Yellow,Bosnian,"Clams - Littleneck, Whole"
261,Esmeralda,McCleverty,emccleverty78@creativecommons.org,Female,China,Maroon,Spanish,Chocolate Liqueur - Godet White
262,Woody,Frangello,wfrangello79@addtoany.com,Male,Mauritius,Crimson,Finnish,Flour - Strong Pizza
263,Ferdinanda,Oxbury,foxbury7a@guardian.co.uk,Female,France,Khaki,Swati,Icecream Cone - Areo Chocolate
264,Geraldine,Aitchinson,gaitchinson7b@shinystat.com,Female,Poland,Red,Hiri Motu,Crab - Meat Combo
265,Leoline,Snooks,lsnooks7c@walmart.com,Female,Colombia,Indigo,Māori,Bagel - Everything Presliced
266,Rey,Stiell,rstiell7d@google.nl,Female,Russia,Maroon,Fijian,"Rice Pilaf, Dry,package"
267,Garek,Littleton,glittleton7e@imdb.com,Male,Tanzania,Blue,Tswana,Cake - Dulce De Leche
268,Cherilynn,Eagle,ceagle7f@example.com,Female,Indonesia,Blue,Lao,"Veal - Leg, Provimi - 50 Lb Max"
269,Feliks,McGrill,fmcgrill7g@histats.com,Male,Indonesia,Maroon,Assamese,Muffin Mix - Lemon Cranberry
270,Augie,Croft,acroft7h@issuu.com,Male,Czech Republic,Indigo,Punjabi,"Soup - Campbells, Lentil"
271,Aili,Downgate,adowngate7i@csmonitor.com,Female,China,Purple,Lithuanian,Sword Pick Asst
272,Alvy,Dinley,adinley7j@statcounter.com,Male,South Africa,Puce,Sotho,Corn Shoots
273,Welch,Wantling,wwantling7k@examiner.com,Male,Indonesia,Goldenrod,Nepali,Bread - Kimel Stick Poly
274,Chrissy,Blanchard,cblanchard7l@vistaprint.com,Male,Poland,Turquoise,Croatian,Cream - 10%
275,Belvia,Rubke,brubke7m@odnoklassniki.ru,Female,Japan,Mauv,Guaraní,"Sparkling Wine - Rose, Freixenet"
276,Lynnea,Gorey,lgorey7n@youku.com,Female,China,Fuscia,Dhivehi,Lamb - Loin Chops
277,Dido,Putland,dputland7o@cnbc.com,Female,Greece,Violet,Tajik,Ice Cream Bar - Oreo Cone
278,Spike,Simmank,ssimmank7p@google.cn,Male,China,Blue,New Zealand Sign Language,Sugar - Palm
279,Bartel,Cutsforth,bcutsforth7q@instagram.com,Male,Philippines,Purple,Czech,Creme De Cacao White
280,Alleen,Rodolphe,arodolphe7r@godaddy.com,Female,Czech Republic,Crimson,Malayalam,Brandy Cherry - Mcguinness
281,Gayle,Foulser,gfoulser7s@jigsy.com,Female,Colombia,Pink,Lithuanian,"Melon - Watermelon, Seedless"
282,Merrily,Mandeville,mmandeville7t@kickstarter.com,Female,Indonesia,Turquoise,Portuguese,Foam Tray S2
283,Clary,Skilton,cskilton7u@eventbrite.com,Female,Indonesia,Red,Malayalam,Tea - Lemon Green Tea
284,Neils,Vaun,nvaun7v@php.net,Male,Canada,Puce,Kashmiri,"Soup - Campbells, Spinach Crm"
285,Georgia,Simeons,gsimeons7w@nymag.com,Female,Brazil,Crimson,French,Steampan - Half Size Shallow
286,Florella,Noteyoung,fnoteyoung7x@nba.com,Female,China,Crimson,Spanish,Lotus Leaves
287,Ernestus,Sayer,esayer7y@go.com,Male,Tanzania,Crimson,Māori,Rum - Mount Gay Eclipes
288,Tim,Hallwood,thallwood7z@360.cn,Male,Sweden,Indigo,Telugu,Wine - Clavet Saint Emilion
289,Johnette,Jickles,jjickles80@ftc.gov,Female,Brazil,Turquoise,Korean,Bread - Bistro Sour
290,Gilberta,Doumic,gdoumic81@economist.com,Female,Ukraine,Teal,Czech,Beer - Sleeman Fine Porter
291,Toby,Daingerfield,tdaingerfield82@netvibes.com,Female,Vietnam,Turquoise,Korean,Juice - Lagoon Mango
292,Denney,Thinn,dthinn83@live.com,Male,Indonesia,Red,Yiddish,Shrimp - Tiger 21/25
293,Claybourne,Bostock,cbostock84@imageshack.us,Male,Russia,Goldenrod,Dzongkha,"Oil - Food, Lacquer Spray"
294,Fidelia,Daud,fdaud85@psu.edu,Female,Colombia,Pink,Bulgarian,Pepper - Yellow Bell
295,Alaster,Wimpeney,awimpeney86@webmd.com,Male,Greece,Fuscia,Tok Pisin,Rabbit - Saddles
296,Bent,Lowrance,blowrance87@tuttocitta.it,Male,Ethiopia,Goldenrod,Bulgarian,Tequila Rose Cream Liquor
297,Berna,Ezzell,bezzell88@wikipedia.org,Female,China,Violet,Gagauz,"Vodka - Hot, Lnferno"
298,Hartwell,Nevitt,hnevitt89@desdev.cn,Male,Brazil,Red,Zulu,Tea - Apple Green Tea
299,Heath,Shailer,hshailer8a@jalbum.net,Female,Dominican Republic,Indigo,Korean,Soup - Campbells Beef Strogonoff
300,Misty,Alywen,malywen8b@bloglovin.com,Female,Uzbekistan,Pink,Bulgarian,Wasabi Powder
301,Feodora,Cleere,fcleere8c@paginegialle.it,Female,Indonesia,Maroon,Hindi,"Oil - Truffle, Black"
302,Kiri,Bohlmann,kbohlmann8d@devhub.com,Female,Syria,Crimson,Sotho,Veal - Heart
303,Alberto,Pavic,apavic8e@eventbrite.com,Male,Indonesia,Purple,Japanese,"Roe - Lump Fish, Red"
304,Jefferey,Hance,jhance8f@i2i.jp,Male,Russia,Yellow,Hungarian,Tomatoes Tear Drop Yellow
305,Serge,Foxen,sfoxen8g@dell.com,Male,Russia,Violet,Hebrew,"Wine - Red, Harrow Estates, Cab"
306,Shelli,Winning,swinning8h@topsy.com,Female,Greece,Puce,Luxembourgish,Wine - Guy Sage Touraine
307,Edouard,Beckingham,ebeckingham8i@irs.gov,Male,Canada,Indigo,Dhivehi,"Artichokes - Knobless, White"
308,Eb,Sciusscietto,esciusscietto8j@a8.net,Male,Ireland,Violet,Hebrew,"Pepsi - Diet, 355 Ml"
309,Zulema,Sarra,zsarra8k@deliciousdays.com,Female,Brazil,Orange,Japanese,"Soup - Cream Of Broccoli, Dry"
310,Reginald,Maffi,rmaffi8l@infoseek.co.jp,Male,Guinea-Bissau,Crimson,Marathi,Longos - Burritos
311,Lenci,Navein,lnavein8m@answers.com,Male,Russia,Aquamarine,Bislama,Lamb - Whole Head Off
312,Sonnie,Baildon,sbaildon8n@nih.gov,Male,Ukraine,Crimson,Haitian Creole,Grapes - Green
313,Ginger,Hurrell,ghurrell8o@tuttocitta.it,Male,Portugal,Teal,Assamese,Flavouring - Rum
314,Janela,Yourell,jyourell8p@archive.org,Female,China,Crimson,Belarusian,Crackers - Soda / Saltins
315,Aguistin,Gowdy,agowdy8q@wix.com,Male,Philippines,Indigo,Finnish,Buffalo - Tenderloin
316,Hanny,Brodhead,hbrodhead8r@nasa.gov,Female,Croatia,Aquamarine,Tsonga,Rye Special Old
317,Sheilah,O'Breen,sobreen8s@sciencedirect.com,Female,Russia,Purple,Ndebele,Beef - Eye Of Round
318,Eula,Emberton,eemberton8t@51.la,Female,Indonesia,Aquamarine,Hiri Motu,Mini - Vol Au Vents
319,Salvador,Gross,sgross8u@nbcnews.com,Male,Russia,Blue,Zulu,Cheese - Le Cru Du Clocher
320,Lanna,McRill,lmcrill8v@hatena.ne.jp,Female,Portugal,Blue,Oriya,Scrubbie - Scotchbrite Hand Pad
321,Trip,Lohrensen,tlohrensen8w@archive.org,Male,Japan,Violet,Hiri Motu,Wine - Sawmill Creek Autumn
322,Fidelio,Pratt,fpratt8x@miitbeian.gov.cn,Male,North Korea,Turquoise,Afrikaans,Shortbread - Cookie Crumbs
323,Andy,Stonary,astonary8y@businessinsider.com,Male,Indonesia,Orange,Malay,Wine - Winzer Krems Gruner
324,Lurlene,Mingotti,lmingotti8z@cbslocal.com,Female,Venezuela,Crimson,Danish,Flour - Rye
325,Perren,Figgures,pfiggures90@globo.com,Male,Portugal,Red,Hebrew,"Mushroom - Shitake, Fresh"
326,Lisabeth,Sparrow,lsparrow91@auda.org.au,Female,Philippines,Red,Indonesian,Uniform Linen Charge
327,Colver,Berfoot,cberfoot92@prweb.com,Male,Russia,Pink,Kazakh,Southern Comfort
328,Vyky,Bleckly,vbleckly93@salon.com,Female,China,Red,Māori,Icecream Cone - Areo Chocolate
329,Torre,Drabble,tdrabble94@umn.edu,Male,Sweden,Teal,Bosnian,Mix - Cocktail Strawberry Daiquiri
330,Heall,Ricarde,hricarde95@washington.edu,Male,China,Goldenrod,Hebrew,Puree - Raspberry
331,Tobye,Tort,ttort96@cornell.edu,Female,Poland,Fuscia,Czech,Gingerale - Diet - Schweppes
332,August,Terrington,aterrington97@discovery.com,Male,Indonesia,Crimson,Belarusian,Soup - French Onion
333,Nancy,Cockaday,ncockaday98@cornell.edu,Female,Indonesia,Orange,Malay,Garbage Bag - Clear
334,Hermann,Livingstone,hlivingstone99@amazon.de,Male,Philippines,Teal,Oriya,Phyllo Dough
335,Lyell,Sullens,lsullens9a@bing.com,Male,Japan,Green,Polish,Pastry - Carrot Muffin - Mini
336,Allix,Bushen,abushen9b@skyrock.com,Female,China,Goldenrod,Italian,Amarula Cream
337,Mayor,Shimman,mshimman9c@bandcamp.com,Male,Lithuania,Mauv,Malayalam,Beef Ground Medium
338,Vergil,Ropkes,vropkes9d@mlb.com,Male,Cameroon,Green,Hebrew,Roe - Flying Fish
339,Somerset,Stendall,sstendall9e@buzzfeed.com,Male,Russia,Khaki,Somali,Wine - Merlot Vina Carmen
340,Anatol,Covotto,acovotto9f@mit.edu,Male,Mongolia,Pink,Swahili,"Wine - White, Cooking"
341,Iormina,Crandon,icrandon9g@themeforest.net,Female,Japan,Blue,Indonesian,Flounder - Fresh
342,Leonid,Kattenhorn,lkattenhorn9h@blinklist.com,Male,Indonesia,Violet,French,Wine - Sogrape Mateus Rose
343,Taddeusz,Bison,tbison9i@xrea.com,Male,Ethiopia,Indigo,Icelandic,Soup Campbells Turkey Veg.
344,Nathalie,Durrance,ndurrance9j@ocn.ne.jp,Female,Indonesia,Purple,Hindi,Bread - Olive Dinner Roll
345,Maureene,Areles,mareles9k@plala.or.jp,Female,Russia,Aquamarine,Czech,"Arctic Char - Fresh, Whole"
346,Hort,Seth,hseth9l@spiegel.de,Male,Panama,Orange,Luxembourgish,Muffin - Carrot Individual Wrap
347,Carmina,Harnes,charnes9m@1und1.de,Female,Philippines,Purple,Ndebele,Lettuce - Frisee
348,Ethel,Normabell,enormabell9n@oracle.com,Female,Japan,Crimson,Haitian Creole,Quail - Jumbo
349,Raul,Unger,runger9o@oakley.com,Male,China,Maroon,Tajik,Longos - Chicken Wings
350,Alvina,Rainon,arainon9p@biglobe.ne.jp,Female,China,Teal,Sotho,"Mushrooms - Black, Dried"
351,Alain,Stuke,astuke9q@bloglines.com,Male,Malawi,Yellow,Japanese,Pie Box - Cello Window 2.5
352,Rasla,Loughney,rloughney9r@bandcamp.com,Female,Philippines,Indigo,Pashto,Mushroom Morel Fresh
353,Belva,Van Halen,bvanhalen9s@tiny.cc,Female,Philippines,Yellow,Nepali,Flour - Fast / Rapid
354,Annaliese,Chittock,achittock9t@deliciousdays.com,Female,Dominican Republic,Green,Hiri Motu,Wine - Vovray Sec Domaine Huet
355,Birdie,Westcar,bwestcar9u@tmall.com,Female,Indonesia,Indigo,Malayalam,Chutney Sauce
356,Raynor,Walding,rwalding9v@bandcamp.com,Male,Afghanistan,Purple,Hiri Motu,Pears - Anjou
357,Talbert,Sheer,tsheer9w@bbb.org,Male,China,Puce,Latvian,Chef Hat 25cm
358,Freddi,Dorin,fdorin9x@independent.co.uk,Female,Paraguay,Pink,Ndebele,Jameson Irish Whiskey
359,Hastie,Corbin,hcorbin9y@rediff.com,Male,Nigeria,Puce,Georgian,Chocolate Eclairs
360,Jarad,Heigl,jheigl9z@kickstarter.com,Male,China,Aquamarine,Georgian,"Rum - White, Gg White"
361,Clemens,Mollon,cmollona0@mashable.com,Male,China,Maroon,Filipino,Ham - Cooked
362,Jarad,D'Abbot-Doyle,jdabbotdoylea1@lulu.com,Male,Nigeria,Puce,Yiddish,Longos - Penne With Pesto
363,Colan,Gilhoolie,cgilhooliea2@intel.com,Male,Tunisia,Green,Burmese,Beans - Butter Lrg Lima
364,Jase,Whitmore,jwhitmorea3@princeton.edu,Male,Indonesia,Maroon,Tsonga,Island Oasis - Magarita Mix
365,Addy,Fazzioli,afazziolia4@google.com.hk,Male,Sweden,Fuscia,Dari,Tea - Decaf 1 Cup
366,Renard,Harcombe,rharcombea5@patch.com,Male,Greece,Red,Moldovan,Cleaner - Lime Away
367,Frasier,Howbrook,fhowbrooka6@salon.com,Male,Indonesia,Goldenrod,Spanish,Salmon Steak - Cohoe 6 Oz
368,Kyrstin,Yanshin,kyanshina7@nasa.gov,Female,Bulgaria,Yellow,Māori,Eggplant Oriental
369,Vin,Caulliere,vcaullierea8@google.ru,Male,China,Maroon,Haitian Creole,Flour Dark Rye
370,Susanetta,Marrian,smarriana9@bigcartel.com,Female,Poland,Maroon,Swahili,Wine - Peller Estates Late
371,Odessa,Helleker,ohellekeraa@about.com,Female,Belarus,Teal,Nepali,Juice - Ocean Spray Kiwi
372,Whitman,Lundy,wlundyab@economist.com,Male,China,Maroon,Telugu,"Basil - Primerba, Paste"
373,Ethelda,Mungan,emunganac@sciencedirect.com,Female,France,Puce,Telugu,Lid - 3oz Med Rec
374,Dill,Dudden,dduddenad@wikia.com,Male,Pakistan,Indigo,Guaraní,Pastry - Banana Muffin - Mini
375,Willie,Gonzalvo,wgonzalvoae@twitter.com,Female,Ukraine,Violet,West Frisian,Glass Clear 7 Oz Xl
376,Oswald,Wakely,owakelyaf@howstuffworks.com,Male,Kazakhstan,Maroon,Guaraní,Cheese - Taleggio D.o.p.
377,Kippie,Barensky,kbarenskyag@cnet.com,Male,Japan,Mauv,Ndebele,"Nut - Pecan, Pieces"
378,Marrilee,Cridlan,mcridlanah@bizjournals.com,Female,Portugal,Fuscia,Kashmiri,"Bread - White, Sliced"
379,Weylin,Scarlet,wscarletai@illinois.edu,Male,Indonesia,Khaki,West Frisian,Spinach - Spinach Leaf
380,Merrill,Cammacke,mcammackeaj@mapy.cz,Male,China,Indigo,Quechua,"Capon - Breast, Double, Wing On"
381,Winifred,Lehemann,wlehemannak@surveymonkey.com,Female,Somalia,Goldenrod,Thai,Pork Casing
382,Rog,Tomasini,rtomasinial@hc360.com,Male,China,Teal,Oriya,"Oil - Truffle, Black"
383,Reggie,Iacovazzi,riacovazziam@etsy.com,Female,China,Aquamarine,Hebrew,"Beef - Rib Roast, Capless"
384,Irving,Skippen,iskippenan@tripadvisor.com,Male,Brazil,Orange,Quechua,Glucose
385,Magdalena,Suffield,msuffieldao@oaic.gov.au,Female,Philippines,Khaki,Gagauz,Pumpkin
386,Pierre,Mundie,pmundieap@google.cn,Male,China,Mauv,Swati,Sansho Powder
387,Robbert,Birtwisle,rbirtwisleaq@com.com,Male,Macedonia,Khaki,Lithuanian,Onion - Dried
388,Belicia,Alishoner,balishonerar@bloglines.com,Female,China,Blue,Guaraní,Island Oasis - Wildberry
389,Glenine,Vaillant,gvaillantas@ox.ac.uk,Female,Bolivia,Maroon,Montenegrin,"Crush - Grape, 355 Ml"
390,Lyman,Pamphilon,lpamphilonat@yelp.com,Male,Portugal,Fuscia,Hebrew,Ginger - Pickled
391,Ailsun,Norquoy,anorquoyau@addthis.com,Female,Democratic Republic of the Congo,Fuscia,Macedonian,"Mushroom - Enoki, Fresh"
392,Daven,Kliche,dklicheav@amazon.co.uk,Male,Brazil,Mauv,Assamese,Table Cloth 62x120 Colour
393,Anatol,Remer,aremeraw@phpbb.com,Male,Ukraine,Crimson,Bosnian,Tea - Orange Pekoe
394,Nan,Rosenqvist,nrosenqvistax@google.co.uk,Female,Russia,Crimson,Czech,Bananas
395,Marley,Andreou,mandreouay@wisc.edu,Female,Iran,Indigo,New Zealand Sign Language,Jolt Cola
396,Darsie,Gerardi,dgerardiaz@house.gov,Female,Iceland,Khaki,Kannada,Sansho Powder
397,Filberte,Hastelow,fhastelowb0@deliciousdays.com,Male,Denmark,Blue,Danish,"Quail - Whole, Bone - In"
398,Colman,Northey,cnortheyb1@phoca.cz,Male,Philippines,Maroon,Kannada,Table Cloth - 53x69 Colour
399,Oralle,Isaac,oisaacb2@cnbc.com,Female,China,Fuscia,Norwegian,Pernod
400,Becca,Flarity,bflarityb3@about.me,Female,Indonesia,Green,Guaraní,Cocoa Butter
401,Anallese,Glinde,aglindeb4@wikipedia.org,Female,Philippines,Violet,Nepali,Pepper - Sorrano
402,Trudey,Yokel,tyokelb5@multiply.com,Female,Philippines,Violet,Maltese,"Soup - Campbells, Chix Gumbo"
403,Kari,Rennebeck,krennebeckb6@google.co.uk,Female,Poland,Red,Nepali,"Pork - Bacon, Double Smoked"
404,Daron,Cavendish,dcavendishb7@google.co.uk,Male,China,Purple,Kyrgyz,Tomatoes
405,Trey,Alexandre,talexandreb8@aboutads.info,Male,China,Violet,Swedish,Coconut - Whole
406,Olvan,Riddel,oriddelb9@yellowpages.com,Male,Myanmar,Green,Romanian,"Nut - Almond, Blanched, Sliced"
407,Orran,Deluca,odelucaba@shareasale.com,Male,China,Aquamarine,Belarusian,Bread - Olive Dinner Roll
408,Thaxter,Medway,tmedwaybb@odnoklassniki.ru,Male,China,Puce,Montenegrin,Gherkin
409,Olenolin,Ertel,oertelbc@miibeian.gov.cn,Male,Angola,Khaki,Hebrew,Sauce - Sesame Thai Dressing
410,Elly,Cowell,ecowellbd@angelfire.com,Female,Kyrgyzstan,Fuscia,Tajik,"Leeks - Baby, White"
411,Page,Casiroli,pcasirolibe@dot.gov,Male,China,Mauv,Hungarian,Flour - Cake
412,Bennie,Thornber,bthornberbf@jiathis.com,Male,Argentina,Orange,Tetum,Ostrich - Fan Fillet
413,Baxy,Joust,bjoustbg@yandex.ru,Male,United States,Turquoise,Hungarian,Juice - Ocean Spray Kiwi
414,Daniella,Caws,dcawsbh@networksolutions.com,Female,Greece,Red,Swati,Wine - Marlbourough Sauv Blanc
415,Fletch,MacRannell,fmacrannellbi@is.gd,Male,Iran,Purple,Kannada,Island Oasis - Ice Cream Mix
416,Alfons,McDermott-Row,amcdermottrowbj@nasa.gov,Male,Kazakhstan,Maroon,Aymara,Wine - Touraine Azay - Le - Rideau
417,Berni,Lorkings,blorkingsbk@fema.gov,Female,Czech Republic,Blue,Tok Pisin,Pan Grease
418,Pearline,Cherryman,pcherrymanbl@shinystat.com,Female,Brazil,Mauv,Kashmiri,Tea - Vanilla Chai
419,Devon,Warder,dwarderbm@timesonline.co.uk,Female,French Polynesia,Khaki,Mongolian,Spice - Montreal Steak Spice
420,Syman,Lamburn,slamburnbn@desdev.cn,Male,Russia,Green,Bulgarian,Wine - Ice Wine
421,Gerrie,Swiffen,gswiffenbo@irs.gov,Male,Poland,Indigo,Quechua,Veal - Loin
422,Stesha,Ricson,sricsonbp@miitbeian.gov.cn,Female,Honduras,Orange,Kyrgyz,"Oil - Shortening,liqud, Fry"
423,Calvin,Thal,cthalbq@berkeley.edu,Male,Indonesia,Blue,Sotho,"Pail - 15l White, With Handle"
424,Jilli,Cable,jcablebr@de.vu,Female,Poland,Orange,Tok Pisin,Cheese - Parmesan Cubes
425,Clarice,Roloff,croloffbs@wufoo.com,Female,Indonesia,Blue,Tamil,Island Oasis - Strawberry
426,Holli,Landsberg,hlandsbergbt@answers.com,Female,Cameroon,Mauv,German,"Crab - Dungeness, Whole"
427,Reuven,Garoghan,rgaroghanbu@hibu.com,Male,Philippines,Red,Kyrgyz,Longos - Chicken Cordon Bleu
428,Monroe,Lithcow,mlithcowbv@ucoz.ru,Male,Poland,Yellow,Lithuanian,Maple Syrup
429,Tailor,Toy,ttoybw@epa.gov,Male,Japan,Teal,Guaraní,"Olives - Black, Pitted"
430,Engelbert,Duff,eduffbx@cisco.com,Male,Indonesia,Goldenrod,Catalan,Island Oasis - Strawberry
431,Brandy,Awde,bawdeby@theatlantic.com,Male,Nigeria,Yellow,Korean,Venison - Racks Frenched
432,Julie,Dukesbury,jdukesburybz@google.com.br,Female,Czech Republic,Turquoise,Armenian,"Mushroom - Enoki, Fresh"
433,Laurent,Mulgrew,lmulgrewc0@com.com,Male,Indonesia,Khaki,Tok Pisin,"Water - Mineral, Natural"
434,Toma,Frankton,tfranktonc1@bloglines.com,Female,Sierra Leone,Goldenrod,Azeri,Soup - Campbells Mushroom
435,Anne-marie,Grzeskowski,agrzeskowskic2@zdnet.com,Female,Philippines,Blue,Marathi,Rye Special Old
436,Ly,Matthieson,lmatthiesonc3@craigslist.org,Male,Sweden,Red,Malagasy,"Soup - Knorr, French Onion"
437,Diana,Sirmond,dsirmondc4@webnode.com,Female,Indonesia,Indigo,Maltese,V8 Splash Strawberry Banana
438,Jerri,Churn,jchurnc5@rambler.ru,Male,Russia,Crimson,Tsonga,"Pasta - Bauletti, Chicken White"
439,Verla,Nanetti,vnanettic6@cnbc.com,Female,China,Purple,Thai,Cheese - Parmesan Cubes
440,Clare,Goodison,cgoodisonc7@fda.gov,Female,Poland,Orange,Yiddish,Crush - Cream Soda
441,Caddric,Salleir,csalleirc8@privacy.gov.au,Male,Kyrgyzstan,Crimson,Hiri Motu,Beef - Ground Lean Fresh
442,Laureen,Cornelius,lcorneliusc9@noaa.gov,Female,China,Fuscia,Korean,Cranberries - Frozen
443,Waylon,Haggas,whaggasca@surveymonkey.com,Male,Colombia,Indigo,Hebrew,Wine - Rubyport
444,Ned,Oblein,nobleincb@acquirethisname.com,Male,Japan,Blue,Bosnian,"Juice - Cranberry, 341 Ml"
445,Marcos,Gauntlett,mgauntlettcc@eepurl.com,Male,United States,Yellow,Kashmiri,Flour - Whole Wheat
446,Ad,Heeps,aheepscd@google.com.br,Male,Czech Republic,Turquoise,Arabic,The Pop Shoppe - Root Beer
447,Benji,Strick,bstrickce@stanford.edu,Male,France,Puce,West Frisian,Bread - Granary Small Pull
448,Abigael,Guildford,aguildfordcf@flavors.me,Female,Philippines,Indigo,Pashto,Guava
449,Peyter,Gonzalo,pgonzalocg@nytimes.com,Male,Djibouti,Khaki,Tajik,Chip - Potato Dill Pickle
450,Roddy,Wallen,rwallench@csmonitor.com,Male,Finland,Goldenrod,Northern Sotho,Wine - Wyndham Estate Bin 777
451,Marius,Rantoull,mrantoullci@state.gov,Male,Russia,Blue,Papiamento,Tea Leaves - Oolong
452,Emelia,Boon,ebooncj@domainmarket.com,Female,China,Fuscia,Dari,Bread Cranberry Foccacia
453,Gunner,Jouanny,gjouannyck@sogou.com,Male,Jordan,Green,Romanian,"Ham - Smoked, Bone - In"
454,Shannan,Pallis,spalliscl@csmonitor.com,Male,Indonesia,Purple,Hiri Motu,Muffin Batt - Blueberry Passion
455,Gardener,Reskelly,greskellycm@howstuffworks.com,Male,China,Khaki,Bengali,Miso Paste White
456,Essie,McElhargy,emcelhargycn@about.com,Female,Indonesia,Maroon,Northern Sotho,"Roe - Lump Fish, Black"
457,Michaela,Marzelli,mmarzellico@g.co,Female,Russia,Pink,Croatian,Crackers - Graham
458,Dodie,Longmaid,dlongmaidcp@tinypic.com,Female,Guinea,Red,Afrikaans,Capers - Ox Eye Daisy
459,Bard,Crutcher,bcrutchercq@gov.uk,Male,China,Aquamarine,Sotho,Bread - Raisin Walnut Pull
460,Sheela,Wevell,swevellcr@toplist.cz,Female,China,Mauv,Yiddish,"Turkey - Whole, Fresh"
461,Andrej,Lindbergh,alindberghcs@stanford.edu,Male,Indonesia,Aquamarine,Bengali,Lotus Root
462,Sigvard,Singyard,ssingyardct@deliciousdays.com,Male,Indonesia,Purple,Icelandic,Wanton Wrap
463,Roy,Guidi,rguidicu@flavors.me,Male,Russia,Blue,Korean,Island Oasis - Banana Daiquiri
464,Anitra,Beamson,abeamsoncv@tripadvisor.com,Female,French Polynesia,Teal,Mongolian,"Pasta - Lasagne, Fresh"
465,Weston,Strotone,wstrotonecw@yellowpages.com,Male,Poland,Pink,Dutch,Crawfish
466,Galvin,Dovington,gdovingtoncx@php.net,Male,Canada,Green,Kyrgyz,"Beans - Navy, Dry"
467,Nan,Brobeck,nbrobeckcy@csmonitor.com,Female,New Zealand,Aquamarine,Tajik,Tilapia - Fillets
468,Davina,Whitmore,dwhitmorecz@wsj.com,Female,Brazil,Indigo,Luxembourgish,Calaloo
469,Allegra,Zaczek,azaczekd0@google.com.br,Female,Greece,Purple,Norwegian,Bread - French Stick
470,Anica,Sandes,asandesd1@hatena.ne.jp,Female,Philippines,Teal,Portuguese,Wine - Tio Pepe Sherry Fino
471,Charlton,Eake,ceaked2@wikispaces.com,Male,Indonesia,Red,Kashmiri,"Juice - Orange, 341 Ml"
472,Elmira,McKevany,emckevanyd3@unc.edu,Female,Sweden,Puce,Danish,Pecan Raisin - Tarts
473,Nan,Tollow,ntollowd4@walmart.com,Female,Nepal,Khaki,Afrikaans,Wine - Coteaux Du Tricastin Ac
474,Lillian,Yukhnin,lyukhnind5@bbc.co.uk,Female,China,Green,Korean,Mackerel Whole Fresh
475,Lombard,Woolham,lwoolhamd6@microsoft.com,Male,Portugal,Indigo,Sotho,Graham Cracker Mix
476,Obadias,Bunton,obuntond7@friendfeed.com,Male,China,Turquoise,Persian,Wine - Riesling Alsace Ac 2001
477,Roberta,Cornu,rcornud8@europa.eu,Female,Cape Verde,Indigo,Hebrew,"Capon - Breast, Wing On"
478,Lew,Cant,lcantd9@archive.org,Male,Indonesia,Aquamarine,Oriya,Cinnamon - Ground
479,Cecile,Benardeau,cbenardeauda@timesonline.co.uk,Female,Mexico,Pink,Telugu,Wood Chips - Regular
480,Ashien,Ivoshin,aivoshindb@theglobeandmail.com,Female,Portugal,Puce,Swahili,Ginsing - Fresh
481,Grady,Placidi,gplacididc@xrea.com,Male,Japan,Orange,Hungarian,Shrimp - Black Tiger 16/20
482,Knox,Ledgerton,kledgertondd@simplemachines.org,Male,China,Maroon,Marathi,Cake - Mini Potato Pancake
483,Brigg,Minall,bminallde@privacy.gov.au,Male,Indonesia,Turquoise,Norwegian,"Sugar - Brown, Individual"
484,Alidia,Dowdney,adowdneydf@ask.com,Female,China,Pink,Ndebele,Garbag Bags - Black
485,Brent,Davidovitch,bdavidovitchdg@admin.ch,Male,Indonesia,Goldenrod,Dzongkha,Garlic
486,Granthem,Dockwray,gdockwraydh@skype.com,Male,Brazil,Blue,Norwegian,Soup V8 Roasted Red Pepper
487,Charisse,Tofful,ctoffuldi@imgur.com,Female,Brazil,Blue,Malagasy,Island Oasis - Peach Daiquiri
488,Bram,Sreenan,bsreenandj@nationalgeographic.com,Male,Indonesia,Yellow,Finnish,Wine - Prosecco Valdobienne
489,Ursula,Marfield,umarfielddk@utexas.edu,Female,Indonesia,Maroon,Yiddish,"Tomatoes - Plum, Canned"
490,Hillel,Balbeck,hbalbeckdl@hao123.com,Male,China,Maroon,Montenegrin,Sugar - Fine
491,Georgiana,Siemon,gsiemondm@google.pl,Female,Indonesia,Green,Māori,Steam Pan Full Lid
492,Jarib,Jakuszewski,jjakuszewskidn@naver.com,Male,Costa Rica,Yellow,Georgian,Corn - On The Cob
493,Felike,Argent,fargentdo@g.co,Male,China,Orange,Estonian,"Beans - Black Bean, Canned"
494,Garvin,Gould,ggoulddp@squidoo.com,Male,Botswana,Mauv,Fijian,"Cheese - Cheddar, Medium"
495,Stefa,Calderon,scalderondq@a8.net,Female,Russia,Puce,Yiddish,"Chocolate - Pistoles, Lactee, Milk"
496,Kristen,Foucard,kfoucarddr@topsy.com,Female,Poland,Purple,Malagasy,Soy Protein
497,Kliment,Le Teve,kleteveds@washington.edu,Male,Aland Islands,Purple,Indonesian,Savory
498,Reagen,Garvie,rgarviedt@scribd.com,Male,Poland,Fuscia,Nepali,"Oil - Truffle, Black"
499,Stevena,Kearney,skearneydu@examiner.com,Female,Japan,Aquamarine,Tetum,Sea Urchin
500,Myrna,Gurg,mgurgdv@paypal.com,Female,Palestinian Territory,Blue,Swati,Soup Knorr Chili With Beans
501,Emelda,Bodman,ebodmandw@dagondesign.com,Female,Russia,Khaki,Hiri Motu,Wine - Guy Sage Touraine
502,Jazmin,Riddington,jriddingtondx@scientificamerican.com,Female,China,Maroon,Northern Sotho,Cleaner - Comet
503,Aubry,McCroft,amccroftdy@nih.gov,Female,Peru,Green,Spanish,Mikes Hard Lemonade
504,Marillin,Goude,mgoudedz@comcast.net,Female,United States,Green,Hiri Motu,Wine - Hardys Bankside Shiraz
505,Joshia,Clipston,jclipstone0@reddit.com,Male,Russia,Violet,Portuguese,"Wine - White, Cooking"
506,Zeke,Beamish,zbeamishe1@purevolume.com,Male,Colombia,Blue,Gagauz,Soup V8 Roasted Red Pepper
507,Cassandry,Senn,csenne2@ow.ly,Female,China,Fuscia,Moldovan,Cheese - Parmigiano Reggiano
508,Geneva,Brunicke,gbrunickee3@wp.com,Female,China,Turquoise,Belarusian,"Tomatoes - Plum, Canned"
509,Rosita,Rappa,rrappae4@sfgate.com,Female,Thailand,Indigo,Swahili,Glaze - Apricot
510,Sheppard,Cubbinelli,scubbinellie5@telegraph.co.uk,Male,China,Orange,Sotho,Chocolate - Feathers
511,Eirena,Goldby,egoldbye6@geocities.com,Female,China,Indigo,French,Wasabi Paste
512,Miller,Scarratt,mscarratte7@people.com.cn,Male,Portugal,Aquamarine,Northern Sotho,Sponge Cake Mix - Vanilla
513,Zebadiah,Stratten,zstrattene8@skype.com,Male,Portugal,Purple,Malay,Langers - Mango Nectar
514,Bethena,Scullard,bscullarde9@cocolog-nifty.com,Female,China,Pink,Telugu,Wine - Casillero Deldiablo
515,Gracia,Flores,gfloresea@tumblr.com,Female,Poland,Blue,Armenian,Syrup - Monin - Blue Curacao
516,Eddie,Derham,ederhameb@ezinearticles.com,Male,Moldova,Fuscia,Hindi,Milk - Condensed
517,Cissy,Emmatt,cemmattec@godaddy.com,Female,Indonesia,Aquamarine,Persian,Beer - Sleeman Fine Porter
518,Algernon,Comiam,acomiamed@sphinn.com,Male,Indonesia,Red,Lithuanian,Table Cloth 120 Round White
519,Phip,Veillard,pveillardee@hud.gov,Male,Macedonia,Aquamarine,English,Cheese - Feta
520,Larisa,Capner,lcapneref@netvibes.com,Female,Greece,Purple,Malayalam,Beer - Camerons Cream Ale
521,Durante,Ryott,dryotteg@amazon.co.jp,Male,China,Fuscia,Romanian,Shopper Bag - S - 4
522,Fancy,Wrightham,fwrighthameh@slideshare.net,Female,Norway,Purple,Catalan,"Pasta - Detalini, White, Fresh"
523,Zolly,Luddy,zluddyei@dell.com,Male,Uruguay,Puce,Amharic,"Syrup - Golden, Lyles"
524,Gloria,Kless,gklessej@businessweek.com,Female,Ethiopia,Maroon,Lithuanian,Steam Pan - Half Size Deep
525,Quintilla,Hamments,qhammentsek@cpanel.net,Female,Indonesia,Blue,Chinese,Celery
526,Reade,Cordeix,rcordeixel@ebay.co.uk,Male,Philippines,Maroon,Moldovan,Lemon Tarts
527,Felicio,Weavers,fweaversem@dion.ne.jp,Male,Philippines,Mauv,Kannada,Foil Wrap
528,Dasya,Duesberry,dduesberryen@wired.com,Female,China,Orange,Maltese,Juice - Lime
529,Cher,Simmon,csimmoneo@paypal.com,Female,Netherlands,Fuscia,Bengali,Cup - Paper 10oz 92959
530,Bernelle,Scotson,bscotsonep@home.pl,Female,Colombia,Maroon,Maltese,"Sauce - Gravy, Au Jus, Mix"
531,Holden,Shakesby,hshakesbyeq@vimeo.com,Male,Indonesia,Maroon,Gagauz,Pepper - Chili Powder
532,Demetris,Dickins,ddickinser@indiatimes.com,Female,Vietnam,Purple,Danish,Honey - Comb
533,Stan,Colaco,scolacoes@fda.gov,Male,Japan,Teal,Thai,Chocolate Bar - Smarties
534,Daile,Ashpole,dashpoleet@icio.us,Female,Indonesia,Maroon,Maltese,Bagel - 12 Grain Preslice
535,Coop,Ayars,cayarseu@shareasale.com,Male,Lithuania,Purple,English,"Lamb - Leg, Bone In"
536,Sher,Garroway,sgarrowayev@youtube.com,Female,Sweden,Turquoise,Lithuanian,Sauce - Hoisin
537,Aharon,Bortolazzi,abortolazziew@wisc.edu,Male,Poland,Purple,Assamese,Beef - Kobe Striploin
538,Ignazio,Cussins,icussinsex@barnesandnoble.com,Male,Niger,Yellow,Bosnian,Beef - Striploin Aa
539,Engelbert,Siviour,esiviourey@mozilla.com,Male,Indonesia,Violet,Albanian,Appetizer - Mushroom Tart
540,Adelle,Talloe,atalloeez@wisc.edu,Female,China,Mauv,Dutch,Cumin - Ground
541,Marcelle,Hargreave,mhargreavef0@epa.gov,Female,Finland,Green,Portuguese,Ice Cream - Super Sandwich
542,Lilias,Andrzejczak,landrzejczakf1@virginia.edu,Female,Colombia,Violet,Polish,Thermometer Digital
543,Katuscha,Pescod,kpescodf2@webeden.co.uk,Female,Albania,Orange,Maltese,"Pepper - Green, Chili"
544,Alie,Babbs,ababbsf3@smh.com.au,Female,Ivory Coast,Fuscia,Northern Sotho,Cheese - Le Cru Du Clocher
545,Federica,Grinyer,fgrinyerf4@cloudflare.com,Female,Brazil,Turquoise,Portuguese,Snapple - Iced Tea Peach
546,David,Aronovich,daronovichf5@ihg.com,Male,Colombia,Yellow,Sotho,Wine - Peller Estates Late
547,Korrie,Cornels,kcornelsf6@networkadvertising.org,Female,China,Aquamarine,Amharic,Bread Bowl Plain
548,Bren,Burrage,bburragef7@domainmarket.com,Female,Russia,Maroon,Tswana,Tomatoes - Hot House
549,Park,Christoffels,pchristoffelsf8@csmonitor.com,Male,Indonesia,Goldenrod,Khmer,Wine - Rhine Riesling Wolf Blass
550,Regan,Dinneges,rdinnegesf9@taobao.com,Male,Argentina,Fuscia,Malagasy,Sea Urchin
551,Arliene,Beeston,abeestonfa@seattletimes.com,Female,Philippines,Red,Ndebele,Wine - Delicato Merlot
552,Eleanor,Cornejo,ecornejofb@accuweather.com,Female,Argentina,Pink,Swedish,Lamb - Shoulder
553,Alvin,Holttom,aholttomfc@wikispaces.com,Male,Mexico,Violet,Arabic,Lettuce - Curly Endive
554,Wilton,Carnall,wcarnallfd@simplemachines.org,Male,Vietnam,Blue,Polish,Uniform Linen Charge
555,Brandais,Evennett,bevennettfe@nih.gov,Female,Portugal,Teal,Persian,Spinach - Frozen
556,Doreen,Wardle,dwardleff@webmd.com,Female,Russia,Green,Bengali,"Pepper - Chipotle, Canned"
557,Livvie,Esselin,lesselinfg@theatlantic.com,Female,Russia,Goldenrod,Montenegrin,Boogies
558,Patricia,Carnew,pcarnewfh@moonfruit.com,Female,China,Blue,Khmer,Sandwich Wrap
559,Wrennie,Quarrington,wquarringtonfi@bloomberg.com,Female,China,Khaki,Croatian,Steampan - Half Size Shallow
560,Natty,Rushford,nrushfordfj@sina.com.cn,Male,Philippines,Crimson,Amharic,Avocado
561,Germaine,Gettings,ggettingsfk@newsvine.com,Male,China,Violet,Haitian Creole,Beef - Tenderloin Tails
562,Kennett,Trendle,ktrendlefl@jimdo.com,Male,Philippines,Indigo,Papiamento,"Pasta - Lasagna Noodle, Frozen"
563,Baily,Muris,bmurisfm@google.com.br,Male,Vietnam,Turquoise,Norwegian,"Lamb - Leg, Boneless"
564,Rudiger,Goulborne,rgoulbornefn@themeforest.net,Male,China,Turquoise,Sotho,Jam - Raspberry
565,Mona,Delph,mdelphfo@ucoz.ru,Female,Spain,Yellow,Icelandic,"Veal - Chops, Split, Frenched"
566,Elle,Fairlam,efairlamfp@seesaa.net,Female,Guatemala,Indigo,Afrikaans,Fennel
567,Algernon,Loughney,aloughneyfq@taobao.com,Male,Russia,Indigo,Bulgarian,Milk - Chocolate 500ml
568,Blayne,Wimpey,bwimpeyfr@geocities.com,Male,Philippines,Purple,Chinese,Cheese - Brick With Onion
569,Kaleb,Reynoollds,kreynoolldsfs@skype.com,Male,Philippines,Red,Croatian,Bagelers
570,Agretha,Casbon,acasbonft@biglobe.ne.jp,Female,United States,Orange,Tswana,Lettuce - Boston Bib
571,Kellen,Mostyn,kmostynfu@twitter.com,Male,Sweden,Yellow,Maltese,Mussels - Frozen
572,Giulio,Dyble,gdyblefv@uiuc.edu,Male,Philippines,Aquamarine,Filipino,"Coke - Classic, 355 Ml"
573,Melany,Kmiec,mkmiecfw@cnet.com,Female,Indonesia,Indigo,French,"Tomatoes - Vine Ripe, Yellow"
574,Issy,Muzzi,imuzzifx@naver.com,Female,Czech Republic,Aquamarine,Lithuanian,Wine - Chateauneuf Du Pape
575,Elena,Stiffkins,estiffkinsfy@storify.com,Female,Croatia,Maroon,Malay,Juice - Happy Planet
576,Vance,Catonnet,vcatonnetfz@google.co.jp,Male,China,Pink,Icelandic,Artichoke - Fresh
577,Ulric,Bilofsky,ubilofskyg0@cafepress.com,Male,Portugal,Crimson,Tswana,Kellogs Special K Cereal
578,Sid,Tallow,stallowg1@t.co,Male,Portugal,Fuscia,Estonian,Pineapple - Regular
579,Dana,Ramalhete,dramalheteg2@time.com,Female,Poland,Mauv,Montenegrin,Piping - Bags Quizna
580,Rockie,Wennington,rwenningtong3@tinyurl.com,Male,Czech Republic,Turquoise,Chinese,Tilapia - Fillets
581,Burty,O'Quin,boquing4@admin.ch,Male,Mongolia,Crimson,Polish,Chicken Giblets
582,Lanita,Gonnelly,lgonnellyg5@tmall.com,Female,Czech Republic,Aquamarine,Korean,"Oranges - Navel, 72"
583,Trudie,Wichard,twichardg6@tamu.edu,Female,China,Fuscia,Spanish,Wine - Riesling Alsace Ac 2001
584,Kerry,Tolchar,ktolcharg7@adobe.com,Female,Philippines,Turquoise,Hebrew,Veal - Loin
585,Zsazsa,Lambrecht,zlambrechtg8@pbs.org,Female,United States,Orange,Somali,Apple - Royal Gala
586,Amery,Beaufoy,abeaufoyg9@nymag.com,Male,Philippines,Fuscia,Italian,Chicken - Wieners
587,Xerxes,Cocking,xcockingga@reddit.com,Male,Honduras,Fuscia,Oriya,Wine - Casillero Del Diablo
588,Nestor,Astie,nastiegb@squarespace.com,Male,Indonesia,Puce,Somali,Rosemary - Dry
589,Dane,Antcliff,dantcliffgc@i2i.jp,Male,Sweden,Violet,Filipino,Flour - Rye
590,Kitty,Espinay,kespinaygd@flavors.me,Female,Japan,Maroon,Khmer,Mace Ground
591,Dawn,Gallego,dgallegoge@ucoz.ru,Female,Mexico,Teal,Gujarati,Grenadine
592,Marni,De Beauchemp,mdebeauchempgf@reference.com,Female,Madagascar,Pink,Somali,Truffle Cups - White Paper
593,Clarke,Passey,cpasseygg@typepad.com,Male,Uganda,Goldenrod,Armenian,"Pepsi - Diet, 355 Ml"
594,Preston,Lancastle,plancastlegh@desdev.cn,Male,Lebanon,Aquamarine,French,Sauce - Hoisin
595,Rolfe,Ayshford,rayshfordgi@theglobeandmail.com,Male,Russia,Goldenrod,Catalan,Tomatoes - Grape
596,Ephrem,Braunes,ebraunesgj@gmpg.org,Male,Indonesia,Yellow,Assamese,"Chicken - White Meat, No Tender"
597,Rina,Thoms,rthomsgk@homestead.com,Female,Indonesia,Teal,Icelandic,Five Alive Citrus
598,Laney,McGrorty,lmcgrortygl@geocities.com,Female,United States,Purple,Maltese,Wine - Duboeuf Beaujolais
599,Jarrod,Crollman,jcrollmangm@howstuffworks.com,Male,Philippines,Crimson,Maltese,Table Cloth 62x114 White
600,Nathan,Hedylstone,nhedylstonegn@topsy.com,Male,Guatemala,Yellow,Haitian Creole,"Pasta - Shells, Medium, Dry"
601,Bernadine,Nield,bnieldgo@abc.net.au,Female,Nigeria,Violet,Kazakh,"Pasta - Fettuccine, Dry"
602,Sibylle,Brewse,sbrewsegp@google.co.uk,Female,Poland,Purple,German,Wine - Peller Estates Late
603,Salome,Yaldren,syaldrengq@topsy.com,Female,Panama,Mauv,Chinese,Wine - Mondavi Coastal Private
604,Molly,Shwalbe,mshwalbegr@devhub.com,Female,Russia,Violet,Tajik,"Shrimp - 21/25, Peel And Deviened"
605,Monah,Vlasyev,mvlasyevgs@sphinn.com,Female,Palestinian Territory,Purple,Arabic,"Cheese - Cheddar, Medium"
606,Laina,Hallstone,lhallstonegt@seattletimes.com,Female,China,Violet,Filipino,Table Cloth 62x114 Colour
607,Talbot,Tagg,ttagggu@diigo.com,Male,Thailand,Orange,Danish,Skewers - Bamboo
608,Donalt,Ofen,dofengv@economist.com,Male,Ivory Coast,Indigo,Hungarian,Liqueur - Melon
609,Valeda,Van de Castele,vvandecastelegw@sogou.com,Female,Indonesia,Green,Macedonian,Glass - Juice Clear 5oz 55005
610,Dyna,Cherrie,dcherriegx@shinystat.com,Female,Sri Lanka,Purple,Māori,Liqueur - Melon
611,Jamil,Corah,jcorahgy@amazon.co.uk,Male,Peru,Puce,Korean,Crab - Meat Combo
612,Mirabel,Driussi,mdriussigz@slate.com,Female,Sweden,Teal,German,Soup Knorr Chili With Beans
613,Hilarius,Feria,hferiah0@japanpost.jp,Male,Brazil,Aquamarine,Afrikaans,Squash - Pepper
614,Ewan,Winterbotham,ewinterbothamh1@nationalgeographic.com,Male,Netherlands,Pink,Oriya,Soup - Campbells Chili Veg
615,Liva,Gisburn,lgisburnh2@liveinternet.ru,Female,Philippines,Purple,New Zealand Sign Language,"Melon - Watermelon, Seedless"
616,Garvin,Topling,gtoplingh3@creativecommons.org,Male,China,Fuscia,Tetum,Yogurt - Plain
617,Pauletta,Bamsey,pbamseyh4@phpbb.com,Female,Portugal,Turquoise,Hebrew,Chips Potato All Dressed - 43g
618,Glennie,Stampfer,gstampferh5@addthis.com,Female,Malaysia,Red,English,"Tart Shells - Sweet, 2"
619,Chrissie,Chorley,cchorleyh6@weather.com,Male,China,Turquoise,Tok Pisin,Sugar - Icing
620,Josefa,Sprowle,jsprowleh7@mozilla.com,Female,France,Yellow,Dhivehi,Tomatoes - Hot House
621,Maegan,Ballefant,mballefanth8@marriott.com,Female,Jamaica,Teal,Hindi,Rabbit - Frozen
622,Barri,Scrange,bscrangeh9@trellian.com,Male,France,Yellow,Malay,Lettuce - Lolla Rosa
623,Boyce,Siddall,bsiddallha@eepurl.com,Male,China,Indigo,Māori,"Cherries - Bing, Canned"
624,La verne,Coudray,lcoudrayhb@squidoo.com,Female,Russia,Indigo,Kazakh,Coffee - Hazelnut Cream
625,Ara,Habberjam,ahabberjamhc@edublogs.org,Female,Peru,Turquoise,Italian,Shopper Bag - S - 4
626,Francene,Westrey,fwestreyhd@free.fr,Female,China,Mauv,Tetum,Fruit Salad Deluxe
627,Martha,Greaterex,mgreaterexhe@webeden.co.uk,Female,Indonesia,Turquoise,West Frisian,Ice Cream Bar - Oreo Sandwich
628,Felisha,Vinall,fvinallhf@live.com,Female,Myanmar,Orange,Telugu,"Tomatoes - Vine Ripe, Yellow"
629,Jobi,Laddle,jladdlehg@reddit.com,Female,Portugal,Khaki,Bengali,Bay Leaf Fresh
630,Even,Fenney,efenneyhh@berkeley.edu,Male,Brazil,Turquoise,Belarusian,Bread - Triangle White
631,Hettie,Lockless,hlocklesshi@indiatimes.com,Female,Indonesia,Crimson,Swati,Puff Pastry - Slab
632,Wendeline,Esherwood,wesherwoodhj@ihg.com,Female,Portugal,Orange,Somali,Lettuce - Belgian Endive
633,Dalt,Fountian,dfountianhk@sogou.com,Male,Colombia,Khaki,Yiddish,"Cherries - Maraschino,jar"
634,Park,Downage,pdownagehl@i2i.jp,Male,Norway,Maroon,Albanian,Extract Vanilla Pure
635,Gill,Coleborn,gcolebornhm@nationalgeographic.com,Male,Brazil,Teal,Chinese,"Nut - Walnut, Chopped"
636,Karalynn,Colchett,kcolchetthn@friendfeed.com,Female,Poland,Khaki,Bislama,Croissants Thaw And Serve
637,Abram,Rubega,arubegaho@census.gov,Male,Canada,Purple,Thai,Swiss Chard - Red
638,Ketti,Stoodley,kstoodleyhp@chronoengine.com,Female,Comoros,Fuscia,Dzongkha,Vinegar - Champagne
639,Eugenius,Langran,elangranhq@whitehouse.gov,Male,China,Puce,Catalan,Bar Special K
640,Bea,Eburah,beburahhr@trellian.com,Female,China,Puce,Tok Pisin,Appetizer - Assorted Box
641,Dame,Dilger,ddilgerhs@amazon.co.uk,Male,Syria,Blue,Greek,Wine - Domaine Boyar Royal
642,Tamiko,Dutnall,tdutnallht@plala.or.jp,Female,Tunisia,Red,Swedish,Butter Ripple - Phillips
643,Grove,Echelle,gechellehu@a8.net,Male,Japan,Violet,New Zealand Sign Language,"Nut - Walnut, Pieces"
644,Ariella,Battista,abattistahv@acquirethisname.com,Female,China,Indigo,Arabic,Wine - Maipo Valle Cabernet
645,Sebastian,Stenson,sstensonhw@ebay.com,Male,Poland,Orange,Tamil,Pastry - Choclate Baked
646,Kesley,Scoggan,kscogganhx@chronoengine.com,Female,Tunisia,Puce,Swahili,Ostrich - Prime Cut
647,Tani,Cobby,tcobbyhy@yellowbook.com,Female,Brazil,Crimson,Telugu,Sambuca - Ramazzotti
648,Haley,Chritchley,hchritchleyhz@nifty.com,Male,United States,Puce,Oriya,Cassis
649,Issiah,Merryman,imerrymani0@apache.org,Male,Canada,Green,Macedonian,Pork - Smoked Kassler
650,Ximenez,Gethouse,xgethousei1@istockphoto.com,Male,Brazil,Turquoise,Bosnian,Artichoke - Fresh
651,Cori,Viccary,cviccaryi2@wordpress.org,Female,China,Mauv,Tswana,"Sugar - Brown, Individual"
652,Grannie,Juden,gjudeni3@google.com,Male,Indonesia,Yellow,Lao,Wine - Beringer Founders Estate
653,Shaylah,Loody,sloodyi4@businessweek.com,Female,Sweden,Violet,Greek,Chickensplit Half
654,Fletcher,McAuslene,fmcauslenei5@jimdo.com,Male,Russia,Red,Hiri Motu,Appetizer - Sausage Rolls
655,Leroy,Reeds,lreedsi6@home.pl,Male,Brazil,Turquoise,Norwegian,Cheese - Provolone
656,Cameron,Goose,cgoosei7@pen.io,Male,Indonesia,Orange,Kurdish,Wine - Jackson Triggs Okonagan
657,Chrystal,Osman,cosmani8@w3.org,Female,Philippines,Teal,Chinese,Butter - Pod
658,Channa,Southway,csouthwayi9@ow.ly,Female,Canada,Fuscia,Sotho,Zucchini - Yellow
659,Johnnie,Brothwood,jbrothwoodia@reddit.com,Male,China,Khaki,Hiri Motu,Water - Perrier
660,Devonna,Mallia,dmalliaib@samsung.com,Female,Thailand,Mauv,Tok Pisin,Beer - Muskoka Cream Ale
661,Jaymie,Grierson,jgriersonic@disqus.com,Male,China,Turquoise,Macedonian,Vinegar - Cider
662,Seumas,Ellingford,sellingfordid@ocn.ne.jp,Male,China,Maroon,Filipino,Chicken - Bones
663,Dun,Merlin,dmerlinie@netvibes.com,Male,Albania,Teal,Luxembourgish,Anchovy In Oil
664,Brant,Southerton,bsouthertonif@purevolume.com,Male,Uganda,Green,Yiddish,Wine - Chateau Timberlay
665,Izak,Terbrug,iterbrugig@hao123.com,Male,Indonesia,Fuscia,Greek,Wine - Crozes Hermitage E.
666,Fredrick,Springtorp,fspringtorpih@sun.com,Male,China,Khaki,Georgian,Melon - Cantaloupe
667,Porter,Willgoose,pwillgooseii@cloudflare.com,Male,Thailand,Khaki,Moldovan,Island Oasis - Strawberry
668,Bevvy,Slimmon,bslimmonij@google.ru,Female,Ethiopia,Crimson,Amharic,"Sugar - Brown, Individual"
669,Beryl,Endon,bendonik@slashdot.org,Female,Philippines,Maroon,Hiri Motu,Beer - Sleeman Fine Porter
670,York,Loutheane,yloutheaneil@e-recht24.de,Male,Portugal,Violet,Maltese,Vinegar - Balsamic
671,Ilise,Loch,ilochim@ebay.co.uk,Female,Indonesia,Indigo,Amharic,Pie Filling - Apple
672,Chaim,Bernette,cbernettein@imageshack.us,Male,Slovenia,Purple,Kyrgyz,Vanilla Beans
673,Ozzie,Godwin,ogodwinio@parallels.com,Male,Guinea,Green,Arabic,Nori Sea Weed
674,Sandy,Czajka,sczajkaip@lulu.com,Male,Ukraine,Teal,New Zealand Sign Language,Canadian Emmenthal
675,Sherwood,Tofpik,stofpikiq@oaic.gov.au,Male,Indonesia,Goldenrod,Quechua,Table Cloth 62x120 Colour
676,Darci,Climson,dclimsonir@time.com,Female,Japan,Goldenrod,Albanian,"Lemonade - Kiwi, 591 Ml"
677,Rowland,Bytheway,rbythewayis@ovh.net,Male,China,Khaki,Armenian,Carbonated Water - Blackcherry
678,Bebe,Aylmore,baylmoreit@who.int,Female,Brazil,Aquamarine,Lao,Pasta - Cheese / Spinach Bauletti
679,Alvan,Neeson,aneesoniu@hexun.com,Male,Finland,Purple,Thai,"Nut - Chestnuts, Whole"
680,Roma,Levesque,rlevesqueiv@buzzfeed.com,Male,Guatemala,Blue,Thai,Island Oasis - Peach Daiquiri
681,Boone,Ambresin,bambresiniw@paginegialle.it,Male,Indonesia,Indigo,Sotho,Ecolab - Lime - A - Way 4/4 L
682,Brittany,Guiett,bguiettix@eepurl.com,Female,China,Orange,French,Bar Special K
683,Olympie,Serris,oserrisiy@sina.com.cn,Female,Azerbaijan,Violet,Dari,Bread - Italian Sesame Poly
684,Nada,Sollett,nsollettiz@weibo.com,Female,Sri Lanka,Green,New Zealand Sign Language,Wine - Ej Gallo Sonoma
685,Liz,O'Spellissey,lospellisseyj0@dion.ne.jp,Female,Japan,Goldenrod,Belarusian,Sauce - Plum
686,Gaylor,Osan,gosanj1@jiathis.com,Male,Ukraine,Green,Maltese,Beef - Ground Medium
687,Iosep,Treadgear,itreadgearj2@sina.com.cn,Male,China,Pink,Bengali,Zucchini - Yellow
688,Mamie,Gonneau,mgonneauj3@last.fm,Female,Lithuania,Crimson,Tetum,Oil - Olive Bertolli
689,Bronson,Arendsen,barendsenj4@businessinsider.com,Male,Mexico,Turquoise,Bosnian,Nantucket - Pomegranate Pear
690,Ag,Wooster,awoosterj5@is.gd,Female,Philippines,Khaki,Burmese,"Salt - Rock, Course"
691,Morissa,Simmonett,msimmonettj6@amazon.co.jp,Female,Philippines,Aquamarine,Moldovan,Scallops - In Shell
692,Abie,Stocking,astockingj7@nationalgeographic.com,Male,Colombia,Crimson,New Zealand Sign Language,Appetizer - Smoked Salmon / Dill
693,Yves,Obbard,yobbardj8@infoseek.co.jp,Male,Estonia,Red,Fijian,Eel - Smoked
694,Webster,Lippitt,wlippittj9@comcast.net,Male,Indonesia,Blue,Haitian Creole,"Vermouth - Sweet, Cinzano"
695,Keri,Grigoliis,kgrigoliisja@xinhuanet.com,Female,Burkina Faso,Green,Guaraní,Glass Clear 8 Oz
696,Martynne,Setterthwait,msetterthwaitjb@discovery.com,Female,Pakistan,Violet,Kannada,Goulash Seasoning
697,Jeannine,Ryder,jryderjc@google.de,Female,Indonesia,Turquoise,Romanian,Marjoram - Fresh
698,Tiebout,Mudd,tmuddjd@redcross.org,Male,Indonesia,Purple,Gagauz,Ice Cream - Life Savers
699,Garvy,Bellard,gbellardje@4shared.com,Male,Brazil,Crimson,Yiddish,Chicken - Leg / Back Attach
700,Barri,O'Toole,botoolejf@bigcartel.com,Male,Mozambique,Green,Nepali,Radish - Pickled
701,Ignacius,Geraldi,igeraldijg@economist.com,Male,Madagascar,Teal,Chinese,Oil - Peanut
702,Neal,Creggan,ncregganjh@harvard.edu,Male,Peru,Crimson,Persian,Tea - English Breakfast
703,Grannie,Haggie,ghaggieji@ucsd.edu,Male,China,Khaki,Azeri,Nacho Chips
704,Steven,Ablett,sablettjj@eventbrite.com,Male,Senegal,Teal,Kyrgyz,Sausage - Blood Pudding
705,Adriena,Bruce,abrucejk@nba.com,Female,Russia,Mauv,Haitian Creole,Brandy Cherry - Mcguinness
706,Julius,Widdall,jwiddalljl@imageshack.us,Male,China,Turquoise,Indonesian,Latex Rubber Gloves Size 9
707,Caty,Sangra,csangrajm@youku.com,Female,Italy,Pink,Guaraní,Muffin Mix - Morning Glory
708,Esmaria,Aloigi,ealoigijn@g.co,Female,Indonesia,Violet,Luxembourgish,Lettuce - Red Leaf
709,Humberto,Barhems,hbarhemsjo@baidu.com,Male,Indonesia,Aquamarine,Guaraní,Rootbeer
710,Caron,MacAirt,cmacairtjp@eventbrite.com,Female,Thailand,Blue,Dutch,Cake - French Pear Tart
711,Vivianna,McJury,vmcjuryjq@issuu.com,Female,Philippines,Red,Hungarian,Longos - Burritos
712,Millisent,McCarroll,mmccarrolljr@reference.com,Female,France,Blue,Fijian,Apricots - Halves
713,Gibbie,MacCawley,gmaccawleyjs@irs.gov,Male,China,Goldenrod,Montenegrin,Yoghurt Tubes
714,Desiree,Mulroy,dmulroyjt@php.net,Female,Russia,Fuscia,Malayalam,"Bread - Roll, Soft White Round"
715,Kordula,Duckett,kduckettju@ca.gov,Female,Bahrain,Crimson,Somali,Muffins - Assorted
716,Evered,Paffitt,epaffittjv@odnoklassniki.ru,Male,Sweden,Teal,Hiri Motu,Lady Fingers
717,Clerc,McMenamie,cmcmenamiejw@bloglines.com,Male,Israel,Aquamarine,Nepali,Food Colouring - Orange
718,Taffy,Zukierman,tzukiermanjx@disqus.com,Female,Azerbaijan,Puce,Nepali,Cheese - Wine
719,Karlotta,Sherry,ksherryjy@wufoo.com,Female,Poland,Turquoise,Malayalam,Muffin Mix - Oatmeal
720,Ibrahim,Smooth,ismoothjz@google.com.br,Male,Syria,Purple,Moldovan,Apple - Northern Spy
721,Clevey,Byas,cbyask0@twitter.com,Male,China,Orange,Moldovan,Bread - Sour Sticks With Onion
722,Klaus,Anchor,kanchork1@mapquest.com,Male,United States,Aquamarine,Swedish,Beef - Inside Round
723,Stillmann,MacCafferky,smaccafferkyk2@apache.org,Male,Paraguay,Goldenrod,Mongolian,"Chocolate - Semi Sweet, Calets"
724,Nell,Walkey,nwalkeyk3@usgs.gov,Female,China,Crimson,Belarusian,"Lamb - Pieces, Diced"
725,Sibel,Redgewell,sredgewellk4@utexas.edu,Female,France,Green,Māori,Tea - Green
726,Patrizius,Farrears,pfarrearsk5@usa.gov,Male,Indonesia,Maroon,Yiddish,Muffin Batt - Carrot Spice
727,Seward,Riply,sriplyk6@simplemachines.org,Male,Indonesia,Purple,Zulu,Thyme - Dried
728,Wallis,Wanne,wwannek7@themeforest.net,Male,Chile,Goldenrod,Malay,Kiwano
729,Orelle,Milmoe,omilmoek8@usa.gov,Female,Thailand,Purple,Papiamento,Pastry - Chocolate Chip Muffin
730,Farlay,Carnihan,fcarnihank9@comsenz.com,Male,China,Aquamarine,Aymara,Calypso - Strawberry Lemonade
731,Colan,Docharty,cdochartyka@histats.com,Male,Indonesia,Turquoise,Croatian,Sprouts - Brussel
732,Jaclyn,Lauks,jlaukskb@altervista.org,Female,Peru,Turquoise,Tok Pisin,Hinge W Undercut
733,Thornton,Toolan,ttoolankc@google.com,Male,Philippines,Yellow,Greek,Appetizer - Crab And Brie
734,Rosalinda,Giddens,rgiddenskd@shinystat.com,Female,Pakistan,Crimson,Tok Pisin,Oil - Olive Bertolli
735,Owen,Goodhay,ogoodhayke@usa.gov,Male,Philippines,Green,Tok Pisin,Foil - Round Foil
736,Manfred,Plaskett,mplaskettkf@disqus.com,Male,Brazil,Indigo,Georgian,"Wine - Red, Wolf Blass, Yellow"
737,Clara,Whelband,cwhelbandkg@dagondesign.com,Female,Portugal,Blue,Marathi,Veal - Osso Bucco
738,Nissy,Mora,nmorakh@nyu.edu,Female,Sri Lanka,Orange,Irish Gaelic,Kaffir Lime Leaves
739,Patin,Rudwell,prudwellki@cdc.gov,Male,France,Yellow,Georgian,"Turkey - Breast, Double"
740,Joan,Milliere,jmillierekj@reference.com,Female,Czech Republic,Green,Ndebele,Pate - Peppercorn
741,Kerri,Budgeon,kbudgeonkk@vimeo.com,Female,Israel,Crimson,Finnish,Otomegusa Dashi Konbu
742,Rebe,Matyushenko,rmatyushenkokl@altervista.org,Female,Belarus,Puce,Persian,Pepper - Sorrano
743,Dominique,Barten,dbartenkm@bloglines.com,Female,Mongolia,Goldenrod,Swati,"Bread - Sticks, Thin, Plain"
744,Wilhelmina,Martt,wmarttkn@twitpic.com,Female,Portugal,Khaki,Dhivehi,Wine - Malbec Trapiche Reserve
745,Delphinia,Bowkett,dbowkettko@123-reg.co.uk,Female,Uruguay,Goldenrod,Nepali,"Pasta - Lasagne, Fresh"
746,Brandon,Bernardoux,bbernardouxkp@toplist.cz,Male,Sierra Leone,Pink,Danish,Muffin - Mix - Strawberry Rhubarb
747,Babbie,Vigietti,bvigiettikq@slideshare.net,Female,Sweden,Maroon,Tajik,Cheese - Mozzarella
748,Devin,Meeland,dmeelandkr@marketwatch.com,Male,Argentina,Yellow,Tajik,Transfer Sheets
749,Zachary,Edgerton,zedgertonks@cdbaby.com,Male,United States,Teal,Afrikaans,Chickensplit Half
750,Ezechiel,Benford,ebenfordkt@nifty.com,Male,Indonesia,Pink,Dari,Pie Shells 10
751,Glory,Brommage,gbrommageku@narod.ru,Female,Brazil,Green,Kyrgyz,Wine - Rhine Riesling Wolf Blass
752,Melloney,Vernazza,mvernazzakv@yandex.ru,Female,Indonesia,Pink,Swedish,"Chestnuts - Whole,canned"
753,Newton,Dumbleton,ndumbletonkw@nationalgeographic.com,Male,Indonesia,Pink,Dzongkha,Juice - Orange 1.89l
754,Toni,Bunkle,tbunklekx@sphinn.com,Female,Russia,Khaki,Georgian,Wine - White Cab Sauv.on
755,Duffy,Dalgardno,ddalgardnoky@ucoz.com,Male,China,Khaki,Somali,Kahlua
756,Heddi,Maypes,hmaypeskz@bandcamp.com,Female,Russia,Green,Fijian,Coffee - Ristretto Coffee Capsule
757,Evonne,Backhurst,ebackhurstl0@ocn.ne.jp,Female,Honduras,Fuscia,Romanian,Kiwi Gold Zespri
758,Damian,Sybbe,dsybbel1@forbes.com,Male,Poland,Goldenrod,German,Bread Base - Goodhearth
759,Maxi,Polet,mpoletl2@soup.io,Female,Serbia,Aquamarine,Danish,"Cheese - Cheddar, Medium"
760,Gerhardt,Fisbey,gfisbeyl3@so-net.ne.jp,Male,Brazil,Pink,Portuguese,Sambuca Cream
761,Dov,Scottesmoor,dscottesmoorl4@cbc.ca,Male,Indonesia,Turquoise,Kashmiri,Gingerale - Diet - Schweppes
762,Rosana,Heibel,rheibell5@simplemachines.org,Female,Albania,Green,Montenegrin,Steam Pan Full Lid
763,Lurleen,Wasbrough,lwasbroughl6@shareasale.com,Female,Canada,Orange,Dari,Flower - Carnations
764,Flori,Henderson,fhendersonl7@imgur.com,Female,China,Aquamarine,Yiddish,Piping - Bags Quizna
765,Swen,Voelker,svoelkerl8@bloglines.com,Male,Democratic Republic of the Congo,Red,Telugu,Broom - Angled
766,Milzie,Tristram,mtristraml9@washington.edu,Female,Indonesia,Turquoise,Somali,Apple - Macintosh
767,Guss,Bysh,gbyshla@illinois.edu,Male,China,Blue,Macedonian,"Carrots - Purple, Organic"
768,Leslie,Chaplain,lchaplainlb@arizona.edu,Female,Iceland,Khaki,Thai,Bacon Strip Precooked
769,Bryanty,McTaggart,bmctaggartlc@mayoclinic.com,Male,Poland,Indigo,Japanese,Bread - Multigrain
770,Claiborn,Fair,cfairld@lycos.com,Male,Poland,Indigo,Swahili,Taro Leaves
771,Ruy,Turpie,rturpiele@flickr.com,Male,China,Puce,Malayalam,Wine - Spumante Bambino White
772,Mel,McPhee,mmcpheelf@printfriendly.com,Male,Portugal,Purple,Zulu,Cheese - Swiss Sliced
773,Mark,Rimes,mrimeslg@washington.edu,Male,Tanzania,Turquoise,Greek,Squash - Pepper
774,Theodoric,Longworthy,tlongworthylh@trellian.com,Male,Morocco,Maroon,Dutch,True - Vue Containers
775,Gaylor,Scarsbrook,gscarsbrookli@businessweek.com,Male,Brazil,Orange,Mongolian,Cake - Dulce De Leche
776,Kelcey,Dodgshun,kdodgshunlj@mac.com,Female,Panama,Yellow,Montenegrin,Wine - Pinot Noir Latour
777,Bobette,Oran,boranlk@tumblr.com,Female,Poland,Yellow,Bosnian,Fenngreek Seed
778,Laney,Findlater,lfindlaterll@fc2.com,Female,Indonesia,Orange,Dutch,"Pepper - Black, Crushed"
779,Francene,Rosborough,frosboroughlm@elpais.com,Female,Liberia,Aquamarine,Finnish,Whmis Spray Bottle Graduated
780,Joseito,Aleksandrikin,jaleksandrikinln@seattletimes.com,Male,Chile,Turquoise,Bislama,Lettuce - Arugula
781,Erroll,Measen,emeasenlo@edublogs.org,Male,Philippines,Goldenrod,Spanish,Long Island Ice Tea
782,Lazare,Le Moucheux,llemoucheuxlp@java.com,Male,Nigeria,Mauv,Pashto,"Roe - Lump Fish, Red"
783,Latrena,Ropartz,lropartzlq@studiopress.com,Female,Russia,Goldenrod,Dari,Anchovy Paste - 56 G Tube
784,Claudie,Carle,ccarlelr@theatlantic.com,Female,Russia,Red,Montenegrin,Cream - 35%
785,Berne,Biggin,bbigginls@blinklist.com,Male,Thailand,Violet,Swahili,Kolrabi
786,Terrie,Weathey,tweatheylt@slate.com,Female,Ukraine,Orange,Malay,Flour - Bread
787,Richardo,Bidwell,rbidwelllu@msu.edu,Male,Ethiopia,Goldenrod,Northern Sotho,Pork - Belly Fresh
788,Karia,Amorine,kamorinelv@berkeley.edu,Female,North Korea,Goldenrod,Chinese,"Red Snapper - Fresh, Whole"
789,Mar,MacAlinden,mmacalindenlw@livejournal.com,Male,China,Mauv,English,Turkey Leg With Drum And Thigh
790,Theadora,Mackiewicz,tmackiewiczlx@scribd.com,Female,Philippines,Yellow,Somali,Leeks - Large
791,Hi,Cohen,hcohenly@biglobe.ne.jp,Male,Peru,Teal,Albanian,Flour - So Mix Cake White
792,Sofia,Annable,sannablelz@mac.com,Female,Nigeria,Crimson,Romanian,Toamtoes 6x7 Select
793,Isaak,Harber,iharberm0@dion.ne.jp,Male,Bulgaria,Mauv,Bengali,Rice - Basmati
794,Annadiane,Naughton,anaughtonm1@ehow.com,Female,China,Pink,Greek,"Mushroom - Porcini, Dry"
795,Goldia,Barnicott,gbarnicottm2@statcounter.com,Female,France,Violet,Mongolian,"Cheese - Cheddar, Mild"
796,Adrien,Hartman,ahartmanm3@geocities.jp,Male,North Korea,Turquoise,Oriya,Tart - Butter Plain Squares
797,Jefferey,McLukie,jmclukiem4@goo.ne.jp,Male,Iran,Red,Catalan,Icecream - Dstk Strw Chseck
798,Ludovico,Pallesen,lpallesenm5@friendfeed.com,Male,Colombia,Red,Punjabi,Cookie Double Choco
799,Latrina,Sowrey,lsowreym6@reverbnation.com,Female,China,Purple,Lao,Beans - Fava Fresh
800,Gaby,Dupree,gdupreem7@ed.gov,Male,Brazil,Fuscia,French,Beer - Camerons Auburn
801,Joe,Ruddiforth,jruddiforthm8@biglobe.ne.jp,Male,Ukraine,Khaki,Maltese,Napkin White - Starched
802,Khalil,Klimpt,kklimptm9@webmd.com,Male,China,Crimson,Italian,Steampan - Lid For Half Size
803,Sherlock,Piche,spichema@sitemeter.com,Male,Norway,Mauv,Pashto,Appetizer - Veg Assortment
804,Fred,Bart,fbartmb@sakura.ne.jp,Male,Philippines,Purple,Mongolian,Soup Campbells Turkey Veg.
805,Janifer,Crunkhurn,jcrunkhurnmc@github.io,Female,Sweden,Puce,Nepali,Pate Pans Yellow
806,Philippe,Shobbrook,pshobbrookmd@google.com.br,Female,Indonesia,Maroon,Maltese,Muffin - Mix - Bran And Maple 15l
807,Arvin,Morais,amoraisme@wp.com,Male,Rwanda,Mauv,Lao,Water - Green Tea Refresher
808,Rosie,Mahody,rmahodymf@ucsd.edu,Female,Yemen,Goldenrod,Mongolian,Puff Pastry - Sheets
809,Edee,Catanheira,ecatanheiramg@forbes.com,Female,Iran,Violet,Greek,Wine - Segura Viudas Aria Brut
810,Melonie,Skakunas,mskakunasmh@patch.com,Female,Cameroon,Crimson,French,Sandwich Wrap
811,Nicoline,Myles,nmylesmi@netvibes.com,Female,China,Blue,Bulgarian,Bread - Hot Dog Buns
812,Jacquetta,Telezhkin,jtelezhkinmj@gravatar.com,Female,Philippines,Mauv,Tajik,Cup - 8oz Coffee Perforated
813,Mable,McGuane,mmcguanemk@utexas.edu,Female,Serbia,Crimson,Pashto,"Tart Shells - Sweet, 3"
814,Vito,Brotherhood,vbrotherhoodml@imgur.com,Male,Finland,Green,Swahili,Rice Paper
815,Hiram,Lent,hlentmm@weebly.com,Male,Moldova,Red,Danish,Vinegar - White Wine
816,Meghan,Galsworthy,mgalsworthymn@amazon.co.uk,Female,Mexico,Teal,Bulgarian,French Kiss Vanilla
817,Boy,Mallam,bmallammo@163.com,Male,Indonesia,Violet,Burmese,Cheese - Grana Padano
818,Tammi,Lillico,tlillicomp@taobao.com,Female,United States,Goldenrod,Croatian,Honey - Liquid
819,Torrie,Mathouse,tmathousemq@ihg.com,Female,Malaysia,Indigo,Assamese,"Wine - Red, Gamay Noir"
820,Katharina,Escalero,kescaleromr@squarespace.com,Female,Finland,Purple,Somali,Chinese Foods - Chicken Wing
821,Pancho,Setterington,psetteringtonms@house.gov,Male,Indonesia,Orange,Catalan,Ham - Proscuitto
822,Richmond,Blueman,rbluemanmt@google.pl,Male,France,Purple,Bosnian,Juice - Ocean Spray Cranberry
823,Lorin,Maskill,lmaskillmu@reference.com,Male,China,Green,Pashto,Cornish Hen
824,Derrek,Allridge,dallridgemv@booking.com,Male,Armenia,Aquamarine,Nepali,"Cheese - Havarti, Roasted Garlic"
825,Grete,Dunnan,gdunnanmw@feedburner.com,Female,Philippines,Red,Somali,Soup - French Can Pea
826,Beverlie,Edeler,bedelermx@state.gov,Female,Philippines,Khaki,Italian,"Wine - Bourgogne 2002, La"
827,Rosalind,Jepperson,rjeppersonmy@sogou.com,Female,China,Pink,Dari,Muffin Hinge - 211n
828,Jacques,Dadge,jdadgemz@engadget.com,Male,Palestinian Territory,Yellow,Malagasy,Soup - Campbells Beef Stew
829,Peterus,Linge,plingen0@soup.io,Male,Thailand,Mauv,Bosnian,Munchies Honey Sweet Trail Mix
830,Wylie,Stuther,wstuthern1@shinystat.com,Male,Philippines,Green,Kannada,Cookies Oatmeal Raisin
831,Leonidas,Hambric,lhambricn2@wunderground.com,Male,Ireland,Khaki,Icelandic,Straw - Regular
832,Lyman,Klampk,lklampkn3@salon.com,Male,Uruguay,Pink,Polish,"Thyme - Lemon, Fresh"
833,Jobie,Poundford,jpoundfordn4@cnn.com,Female,Finland,Puce,Nepali,Grand Marnier
834,Minnie,Braga,mbragan5@ustream.tv,Female,Russia,Blue,Azeri,Raspberries - Frozen
835,Brodie,Anwell,banwelln6@miibeian.gov.cn,Male,Poland,Teal,Bulgarian,"Soda Water - Club Soda, 355 Ml"
836,Rufus,Gland,rglandn7@yellowbook.com,Male,China,Goldenrod,Punjabi,Avocado
837,Kayle,Renny,krennyn8@spotify.com,Female,United States,Indigo,Dari,Wine - Magnotta - Cab Franc
838,Lib,Howen,lhowenn9@marriott.com,Female,Nigeria,Yellow,Oriya,"Potatoes - Yukon Gold, 80 Ct"
839,Meredithe,Chamley,mchamleyna@sogou.com,Female,China,Teal,Czech,Muffin Mix - Raisin Bran
840,Spence,Opfer,sopfernb@buzzfeed.com,Male,Indonesia,Yellow,Yiddish,Curry Powder
841,Ring,Dymick,rdymicknc@e-recht24.de,Male,China,Fuscia,Filipino,Beef - Short Ribs
842,Thornton,Smeath,tsmeathnd@amazonaws.com,Male,Argentina,Khaki,Lithuanian,Coffee - Decaffeinato Coffee
843,Melanie,Wallbrook,mwallbrookne@freewebs.com,Female,France,Green,Polish,Olives - Kalamata
844,Augie,Colclough,acolcloughnf@t-online.de,Male,Philippines,Crimson,Lithuanian,Rice Paper
845,Marje,Mowsdell,mmowsdellng@adobe.com,Female,Argentina,Goldenrod,Georgian,Watercress
846,Maurise,Nickless,mnicklessnh@rediff.com,Female,Nigeria,Aquamarine,Kashmiri,Chicken - Whole
847,Stepha,Cosgreave,scosgreaveni@boston.com,Female,China,Khaki,Tetum,"Crab - Blue, Frozen"
848,Agathe,Arro,aarronj@cafepress.com,Female,Poland,Teal,Moldovan,Vaccum Bag - 14x20
849,Xena,Middlemist,xmiddlemistnk@desdev.cn,Female,Canada,Blue,Montenegrin,Bonito Flakes - Toku Katsuo
850,Grazia,Torre,gtorrenl@purevolume.com,Female,Sweden,Puce,Armenian,Muffin Chocolate Individual Wrap
851,Patience,Wren,pwrennm@facebook.com,Female,Indonesia,Maroon,Italian,Soup - Campbells Mushroom
852,Lanni,Bonifazio,lbonifazionn@shareasale.com,Female,Malaysia,Yellow,Māori,"Bread - Rolls, Corn"
853,Laurette,Gotthard.sf,lgotthardsfno@diigo.com,Female,Mexico,Purple,Spanish,Food Colouring - Blue
854,Rickie,Hubbock,rhubbocknp@w3.org,Female,Czech Republic,Goldenrod,Chinese,Chocolate - Mi - Amere Semi
855,Ramona,Pimmocke,rpimmockenq@businessweek.com,Female,Indonesia,Turquoise,Tamil,Pasta - Angel Hair
856,Anna,MacNamara,amacnamaranr@prweb.com,Female,China,Indigo,Filipino,"Coffee - Colombian, Portioned"
857,Britte,Girdler,bgirdlerns@lycos.com,Female,Philippines,Yellow,Swati,Cake Slab
858,Kendal,Hedan,khedannt@theglobeandmail.com,Male,China,Turquoise,Burmese,Vaccum Bag 10x13
859,Aurie,Ezzell,aezzellnu@walmart.com,Female,Peru,Fuscia,Croatian,Container - Foam Dixie 12 Oz
860,Aurilia,Maha,amahanv@rambler.ru,Female,China,Pink,Tetum,Tea - Apple Green Tea
861,Dasie,Novello,dnovellonw@noaa.gov,Female,Indonesia,Green,Oriya,Sea Urchin
862,Bradford,Swannack,bswannacknx@microsoft.com,Male,Colombia,Puce,Moldovan,Pepper - Red Bell
863,Goober,Quelch,gquelchny@scribd.com,Male,China,Turquoise,Irish Gaelic,Pepper - Green
864,Natalya,Rapp,nrappnz@flickr.com,Female,Madagascar,Maroon,Kazakh,"Pepper - White, Ground"
865,Felipe,Wessing,fwessingo0@wix.com,Male,Bolivia,Puce,Guaraní,Vegetable - Base
866,Gregorio,Currie,gcurrieo1@taobao.com,Male,Indonesia,Teal,Dhivehi,Wine - Pinot Noir Latour
867,Sibylle,Bertolaccini,sbertolaccinio2@bloglines.com,Female,Argentina,Turquoise,Yiddish,Skewers - Bamboo
868,Nathan,Sole,nsoleo3@hhs.gov,Male,Iran,Khaki,Malagasy,"Carrots - Mini, Stem On"
869,Osmund,Dionisii,odionisiio4@yahoo.co.jp,Male,Indonesia,Crimson,Nepali,Wine - Fontanafredda Barolo
870,Fayre,Cutmare,fcutmareo5@princeton.edu,Female,France,Indigo,Lao,"Wine - Red, Marechal Foch"
871,Shayne,Walster,swalstero6@facebook.com,Male,China,Khaki,Punjabi,Sauce - Hp
872,Frayda,Ladd,fladdo7@ibm.com,Female,Indonesia,Maroon,Nepali,Syrup - Chocolate
873,Flossy,MacMorland,fmacmorlando8@soup.io,Female,Brazil,Indigo,Polish,Guava
874,Leeann,Greenside,lgreensideo9@nbcnews.com,Female,Russia,Blue,Georgian,Table Cloth 62x114 White
875,Lorelei,Assandri,lassandrioa@360.cn,Female,France,Blue,Oriya,"Basil - Dry, Rubbed"
876,Raff,Suddell,rsuddellob@nsw.gov.au,Male,Philippines,Teal,Afrikaans,Rice - Sushi
877,Ruy,Aleksic,raleksicoc@plala.or.jp,Male,Brazil,Orange,Amharic,Beets - Pickled
878,Anita,Bispo,abispood@thetimes.co.uk,Female,Russia,Orange,Hindi,Kahlua
879,Ricoriki,Grouse,rgrouseoe@merriam-webster.com,Male,China,Blue,Spanish,Foam Tray S2
880,Jacqueline,Burgin,jburginof@dagondesign.com,Female,Indonesia,Yellow,Tamil,Pork - Inside
881,Elvina,Shaudfurth,eshaudfurthog@zimbio.com,Female,China,Khaki,Japanese,Chips - Assorted
882,Brody,Ovitts,bovittsoh@shop-pro.jp,Male,Colombia,Blue,Montenegrin,Wine - Ice Wine
883,Shay,Sells,ssellsoi@surveymonkey.com,Male,China,Yellow,Tswana,"Wine - Red, Pelee Island Merlot"
884,Hebert,Kiebes,hkiebesoj@zimbio.com,Male,Portugal,Fuscia,Montenegrin,Wine - Red Oakridge Merlot
885,Phillipp,McCloughlin,pmccloughlinok@timesonline.co.uk,Male,Philippines,Orange,Papiamento,"Beef - Bones, Cut - Up"
886,Tulley,Probyn,tprobynol@is.gd,Male,Brazil,Blue,Pashto,Flour - Rye
887,Sheena,Gammon,sgammonom@samsung.com,Female,Brazil,Crimson,Punjabi,"Lemonade - Strawberry, 591 Ml"
888,Vincent,Percy,vpercyon@devhub.com,Male,Peru,Indigo,Indonesian,Scallop - St. Jaques
889,Charlton,Lockless,clocklessoo@macromedia.com,Male,China,Puce,Armenian,Paste - Black Olive
890,Gabriello,Milmith,gmilmithop@hostgator.com,Male,China,Mauv,Bosnian,Bar Special K
891,Leanna,Stopforth,lstopforthoq@twitter.com,Female,China,Purple,Lithuanian,"Pepper - Paprika, Hungarian"
892,Roley,Wiggin,rwigginor@cocolog-nifty.com,Male,Vietnam,Crimson,West Frisian,Cod - Fillets
893,Upton,Lunge,ulungeos@illinois.edu,Male,East Timor,Crimson,Pashto,"Bread - Roll, Italian"
894,Cristobal,Brimmacombe,cbrimmacombeot@cbsnews.com,Male,China,Maroon,Norwegian,Lychee - Canned
895,Cynde,Gleaves,cgleavesou@pcworld.com,Female,Russia,Yellow,Filipino,Spice - Onion Powder Granulated
896,Marylou,Alston,malstonov@themeforest.net,Female,Colombia,Crimson,Nepali,"Cheese - Cheddar, Medium"
897,Mabel,Eake,meakeow@ibm.com,Female,Philippines,Maroon,Aymara,"Sugar - Sweet N Low, Individual"
898,Chrystal,Phillippo,cphillippoox@infoseek.co.jp,Female,Sweden,Puce,Luxembourgish,Beer - Maudite
899,Austin,Scatcher,ascatcheroy@apache.org,Male,Indonesia,Orange,Kazakh,Tomatoes Tear Drop
900,Christalle,Bianco,cbiancooz@edublogs.org,Female,Cuba,Maroon,Nepali,Cabbage - Red
901,Merilyn,Rosenhaus,mrosenhausp0@eepurl.com,Female,Czech Republic,Pink,Pashto,Nectarines
902,Devland,McGucken,dmcguckenp1@dyndns.org,Male,China,Maroon,Oriya,Mussels - Cultivated
903,Patrizia,Diament,pdiamentp2@amazon.de,Female,China,Pink,Sotho,Zucchini - Yellow
904,Katherine,Rassell,krassellp3@list-manage.com,Female,Sweden,Turquoise,Yiddish,Soup Campbells - Italian Wedding
905,Beryle,Richmond,brichmondp4@cbslocal.com,Female,Uganda,Goldenrod,Swati,Ecolab Crystal Fusion
906,Hadrian,Jensen,hjensenp5@photobucket.com,Male,Poland,Orange,Swati,Parsley - Dried
907,Thaddus,Rosson,trossonp6@dailymotion.com,Male,Armenia,Puce,Gagauz,Bread - Dark Rye
908,Byrom,Redrup,bredrupp7@4shared.com,Male,Israel,Indigo,Bosnian,"Mushroom - Enoki, Fresh"
909,Melisent,Chamley,mchamleyp8@pinterest.com,Female,Indonesia,Maroon,Irish Gaelic,Blackberries
910,Bonnee,Castelain,bcastelainp9@infoseek.co.jp,Female,Madagascar,Fuscia,Aymara,Tuna - Sushi Grade
911,Abbey,Bridel,abridelpa@cbslocal.com,Male,Poland,Maroon,Bengali,Phyllo Dough
912,Myca,Beinisch,mbeinischpb@amazonaws.com,Male,Greece,Orange,Bengali,Mushroom - Chanterelle Frozen
913,Carolyn,Von Hindenburg,cvonhindenburgpc@businessweek.com,Female,China,Violet,Haitian Creole,Tea - Honey Green Tea
914,Julius,Gaisford,jgaisfordpd@privacy.gov.au,Male,Mongolia,Teal,New Zealand Sign Language,"Sauce - Bernaise, Mix"
915,Free,Staton,fstatonpe@google.nl,Male,France,Green,Guaraní,Ocean Spray - Ruby Red
916,Morrie,Menpes,mmenpespf@eepurl.com,Male,France,Green,Malayalam,Longos - Chicken Caeser Salad
917,Marla,Kevane,mkevanepg@home.pl,Female,Argentina,Indigo,Mongolian,"Sugar - Brown, Individual"
918,Melony,Duligall,mduligallph@vimeo.com,Female,Japan,Violet,Catalan,Extract - Raspberry
919,Barth,Marques,bmarquespi@skyrock.com,Male,Russia,Orange,Korean,"Beef - Rib Roast, Capless"
920,Rubin,Giorgiutti,rgiorgiuttipj@acquirethisname.com,Male,Syria,Purple,German,Veal - Nuckle
921,Lucius,Keyse,lkeysepk@washingtonpost.com,Male,China,Puce,Kannada,Flavouring - Rum
922,Hewitt,Deeves,hdeevespl@e-recht24.de,Male,Philippines,Fuscia,Dutch,Sugar - Individual Portions
923,Piotr,Wetheril,pwetherilpm@friendfeed.com,Male,China,Red,Montenegrin,Onion Powder
924,Kayley,Draper,kdraperpn@state.gov,Female,Albania,Turquoise,Spanish,Bacon Strip Precooked
925,Elliott,Sowrey,esowreypo@elegantthemes.com,Male,Saint Kitts and Nevis,Turquoise,Romanian,Bagel - Ched Chs Presliced
926,Merell,Gregg,mgreggpp@aboutads.info,Male,Japan,Pink,English,Turnip - White
927,Tate,Spellissy,tspellissypq@globo.com,Female,Chile,Turquoise,French,Ice Cream Bar - Oreo Sandwich
928,Liane,McGilvra,lmcgilvrapr@chronoengine.com,Female,Netherlands,Orange,Aymara,"Lemonade - Natural, 591 Ml"
929,Mike,Pigrome,mpigromeps@narod.ru,Male,Russia,Mauv,French,Pork - Shoulder
930,Blake,Besnard,bbesnardpt@admin.ch,Male,Thailand,Crimson,Catalan,Nougat - Paste / Cream
931,Darline,Senyard,dsenyardpu@nytimes.com,Female,China,Puce,Croatian,Pepper - Green Thai
932,Olga,Gooding,ogoodingpv@zdnet.com,Female,Sweden,Violet,Swahili,Oneshot Automatic Soap System
933,Barnard,Rustadge,brustadgepw@auda.org.au,Male,China,Blue,Nepali,"Champagne - Brights, Dry"
934,Justen,Brooks,jbrookspx@prnewswire.com,Male,Canada,Purple,Hindi,"Doilies - 10, Paper"
935,Edik,Piesold,epiesoldpy@vimeo.com,Male,Lithuania,Goldenrod,Khmer,"Cod - Salted, Boneless"
936,Horst,Terrey,hterreypz@gmpg.org,Male,Colombia,Teal,Armenian,Melon - Watermelon Yellow
937,Daile,Carnock,dcarnockq0@phpbb.com,Female,China,Turquoise,Thai,Vector Energy Bar
938,Aryn,Brice,abriceq1@usgs.gov,Female,China,Green,Afrikaans,Muffin Mix - Corn Harvest
939,Stinky,Richfield,srichfieldq2@utexas.edu,Male,Japan,Pink,Korean,Foil Cont Round
940,Brendis,Astridge,bastridgeq3@amazonaws.com,Male,Indonesia,Pink,Danish,Venison - Denver Leg Boneless
941,Averil,Owbrick,aowbrickq4@ucoz.ru,Female,China,Puce,Burmese,Bread - Assorted Rolls
942,Erminia,Tuther,etutherq5@toplist.cz,Female,Japan,Orange,French,Hagen Daza - Dk Choocolate
943,Wendi,Stuckley,wstuckleyq6@salon.com,Female,Philippines,Turquoise,Guaraní,Cheese - Sheep Milk
944,Justin,Primo,jprimoq7@disqus.com,Male,Philippines,Goldenrod,Somali,Crackers - Melba Toast
945,Jobie,Walshaw,jwalshawq8@java.com,Female,Sweden,Violet,Assamese,Island Oasis - Raspberry
946,Ester,Carolan,ecarolanq9@etsy.com,Female,Russia,Aquamarine,Maltese,Mahi Mahi
947,Pepita,Eddow,peddowqa@chicagotribune.com,Female,United States,Goldenrod,Dhivehi,Cleaner - Comet
948,Gothart,Baldock,gbaldockqb@wsj.com,Male,China,Blue,Afrikaans,Pastry - Baked Cinnamon Stick
949,Corly,Cosgry,ccosgryqc@harvard.edu,Female,Poland,Aquamarine,Hungarian,Buffalo - Striploin
950,Ronnica,Lemmens,rlemmensqd@jimdo.com,Female,Dominican Republic,Turquoise,Korean,"Wine - Magnotta, Merlot Sr Vqa"
951,Renado,Jurek,rjurekqe@economist.com,Male,Indonesia,Maroon,Korean,Potatoes - Parissienne
952,Patricio,Callicott,pcallicottqf@patch.com,Male,Japan,Khaki,Aymara,Pastry - Apple Large
953,Milton,Trehearn,mtrehearnqg@wufoo.com,Male,Uganda,Blue,Ndebele,Cakes Assorted
954,Linet,Haily,lhailyqh@adobe.com,Female,Belarus,Indigo,Gujarati,"Wine - Cahors Ac 2000, Clos"
955,Claudia,Stenson,cstensonqi@buzzfeed.com,Female,China,Red,Bulgarian,Bread - Bistro White
956,Bordie,Cornall,bcornallqj@sakura.ne.jp,Male,China,Teal,Bengali,Honey - Lavender
957,Lindsay,Easterling,leasterlingqk@gravatar.com,Female,Panama,Red,Amharic,Flower - Leather Leaf Fern
958,Nikos,Siggs,nsiggsql@sina.com.cn,Male,Portugal,Crimson,Hungarian,Wine - Zinfandel Rosenblum
959,Jeniffer,Handslip,jhandslipqm@tuttocitta.it,Female,Myanmar,Turquoise,Afrikaans,"Jam - Blackberry, 20 Ml Jar"
960,Chevy,Dilks,cdilksqn@meetup.com,Male,United States,Orange,Punjabi,Turnip - Mini
961,Wandie,Whitehair,wwhitehairqo@xrea.com,Female,Philippines,Orange,Montenegrin,Syrup - Kahlua Chocolate
962,Krissie,Beardsdale,kbeardsdaleqp@ezinearticles.com,Female,Guatemala,Green,Kannada,Schnappes Peppermint - Walker
963,Niall,Eke,nekeqq@networkadvertising.org,Male,China,Red,Arabic,Bulgar
964,Saidee,Polye,spolyeqr@unicef.org,Female,Indonesia,Maroon,Ndebele,Milk - Condensed
965,Gail,Wetherhead,gwetherheadqs@npr.org,Female,Armenia,Fuscia,Belarusian,"Tray - Foam, Square 4 - S"
966,Harlene,Sunley,hsunleyqt@newsvine.com,Female,China,Red,New Zealand Sign Language,Chocolate - Milk
967,Fayina,Verity,fverityqu@creativecommons.org,Female,China,Aquamarine,Tswana,Tea - Lemon Scented
968,Fin,Kopelman,fkopelmanqv@shop-pro.jp,Male,China,Blue,Mongolian,"Oil - Olive, Extra Virgin"
969,Emmery,Addekin,eaddekinqw@state.gov,Male,Indonesia,Pink,Lithuanian,Icecream Bar - Del Monte
970,Geoff,Whitta,gwhittaqx@tmall.com,Male,China,Violet,Moldovan,Buffalo - Short Rib Fresh
971,Vlad,Lawden,vlawdenqy@discovery.com,Male,China,Teal,Quechua,Pastry - Chocolate Chip Muffin
972,Jessa,Dawton,jdawtonqz@rambler.ru,Female,France,Purple,New Zealand Sign Language,Bandage - Flexible Neon
973,Leslie,Nadin,lnadinr0@engadget.com,Female,Russia,Fuscia,Latvian,Goat - Leg
974,Emilia,Brotherheed,ebrotherheedr1@berkeley.edu,Female,Russia,Blue,Dari,"Appetizer - Spring Roll, Veg"
975,Salomi,Penhall,spenhallr2@phoca.cz,Female,Indonesia,Khaki,Kazakh,Cheese - St. Paulin
976,Dante,MacAloren,dmacalorenr3@cocolog-nifty.com,Male,Lithuania,Violet,Malay,Eel - Smoked
977,Olympie,Osborn,oosbornr4@a8.net,Female,Poland,Green,Georgian,Coffee - Decaffeinato Coffee
978,Haslett,St. Quintin,hstquintinr5@biglobe.ne.jp,Male,Cameroon,Teal,Bengali,Ice Cream - Strawberry
979,Livvy,Rosencwaig,lrosencwaigr6@macromedia.com,Female,Chile,Blue,Swedish,Snapple Lemon Tea
980,Ernestine,Grivori,egrivorir7@nyu.edu,Female,Madagascar,Indigo,Assamese,Ice Cream - Strawberry
981,Sharyl,Grimolbie,sgrimolbier8@blogger.com,Female,Croatia,Orange,Kurdish,Muffin Hinge Container 6
982,Lorain,Gorusso,lgorussor9@cnn.com,Female,Argentina,Green,Persian,Tea - Mint
983,Noah,Gerbl,ngerblra@xrea.com,Male,Poland,Yellow,Belarusian,Fennel
984,Benoite,Reglar,breglarrb@constantcontact.com,Female,Indonesia,Purple,Burmese,"Tomatoes - Cherry, Yellow"
985,Darrelle,Saiens,dsaiensrc@a8.net,Female,Poland,Violet,Swedish,"Pepper - Chillies, Crushed"
986,Genia,Dinjes,gdinjesrd@msu.edu,Female,China,Pink,Filipino,Wine - Cotes Du Rhone
987,Becca,Ricardou,bricardoure@163.com,Female,Philippines,Violet,West Frisian,Wine - Toasted Head
988,Vina,Woolger,vwoolgerrf@instagram.com,Female,China,Violet,Catalan,Lychee
989,Land,Goulter,lgoulterrg@google.com.br,Male,Afghanistan,Aquamarine,Malagasy,Tuna - Sushi Grade
990,Missy,McKmurrie,mmckmurrierh@ft.com,Female,Russia,Puce,Dhivehi,Thyme - Fresh
991,Lawton,Boatswain,lboatswainri@dion.ne.jp,Male,Bulgaria,Green,Macedonian,Veal Inside - Provimi
992,Asia,Scintsbury,ascintsburyrj@paginegialle.it,Female,Russia,Mauv,Assamese,Cheese - Feta
993,Joceline,McGraw,jmcgrawrk@apple.com,Female,Sweden,Red,Chinese,Spinach - Baby
994,Nadean,Furmagier,nfurmagierrl@ihg.com,Female,Nicaragua,Violet,Belarusian,Flour - Bread
995,Ignazio,Shotbolt,ishotboltrm@amazonaws.com,Male,Philippines,Khaki,Arabic,"Garlic - Primerba, Paste"
996,Austin,Bullers,abullersrn@mit.edu,Male,Ukraine,Aquamarine,Icelandic,Sobe - Tropical Energy
997,Brent,Guilloton,bguillotonro@chron.com,Male,Czech Republic,Green,Somali,Pastry - Chocolate Marble Tea
998,Bonnee,Edensor,bedensorrp@timesonline.co.uk,Female,Honduras,Green,Sotho,Pasta - Cheese / Spinach Bauletti
999,Lavena,Fishbourn,lfishbournrq@answers.com,Female,France,Orange,Papiamento,Vacuum Bags 12x16
1000,Lissie,Halesworth,lhalesworthrr@craigslist.org,Female,Philippines,Pink,Swati,Longos - Assorted Sandwich
